EmployeeID,EmployeeName,Gender,Age,DepartmentID,JobRole,Education,City,State,HireDate,Experience,AgeGroup
EMP00001,Nikhil Kumar,Female,49,D003,Data Analyst,MBA,Bengaluru,Karnataka,2023-08-02,3,41-50
EMP00002,Aarav Gupta,Female,55,D003,SQL Developer,MCA,Mumbai,Maharashtra,2018-11-21,8,51-60
EMP00003,Daniel Iyer,Female,27,D005,SEO Specialist,MCA,Coimbatore,Tamil Nadu,2020-02-29,6,21-30
EMP00004,Karthik Singh,Male,39,D006,Supervisor,MBA,Chennai,Tamil Nadu,2020-03-15,6,31-40
EMP00005,Meera Mohan,Male,55,D003,Data Analyst,MBA,Kochi,Kerala,2018-12-14,8,51-60
EMP00006,Vignesh Gupta,Female,58,D001,HR Executive,MCA,Chennai,Tamil Nadu,2021-05-07,5,51-60
EMP00007,Diya Reddy,Female,29,D001,Recruiter,M.Sc,Coimbatore,Tamil Nadu,2017-04-27,9,21-30
EMP00008,Nikhil Menon,Male,47,D002,Financial Analyst,M.Sc,Coimbatore,Tamil Nadu,2023-04-19,3,41-50
EMP00009,Aarav Das,Female,42,D003,SQL Developer,MCA,Hyderabad,Telangana,2020-07-09,6,41-50
EMP00010,Rahul Menon,Male,25,D002,Accountant,B.Tech,Hyderabad,Telangana,2020-05-03,6,21-30
EMP00011,Nikhil Patel,Female,33,D003,Data Analyst,B.Sc,Coimbatore,Tamil Nadu,2018-07-20,8,31-40
EMP00012,Rahul Mohan,Female,47,D002,Accountant,MBA,Chennai,Tamil Nadu,2021-12-31,5,41-50
EMP00013,Daniel Iyer,Male,51,D005,Marketing Executive,B.Sc,Pune,Maharashtra,2024-04-28,2,51-60
EMP00014,Vignesh Gupta,Female,31,D004,Sales Manager,B.Tech,Bengaluru,Karnataka,2025-02-06,1,31-40
EMP00015,Riya Patel,Male,45,D005,Marketing Executive,M.Sc,Chennai,Tamil Nadu,2021-02-26,5,41-50
EMP00016,Vivaan Iyer,Female,48,D004,Sales Executive,M.Sc,Bengaluru,Karnataka,2022-06-08,4,41-50
EMP00017,Meera Patel,Male,38,D002,Accountant,MCA,Chennai,Tamil Nadu,2024-12-02,2,31-40
EMP00018,Akash Das,Male,22,D003,Software Engineer,M.Sc,Coimbatore,Tamil Nadu,2018-12-26,8,21-30
EMP00019,Karthik Patel,Female,38,D002,Accountant,M.Sc,Mumbai,Maharashtra,2023-09-19,3,31-40
EMP00020,Nikhil Rao,Female,24,D001,HR Executive,B.Tech,Coimbatore,Tamil Nadu,2019-05-20,7,21-30
EMP00021,Diya Mohan,Female,43,D002,Accountant,B.Sc,Hyderabad,Telangana,2024-10-13,2,41-50
EMP00022,Ananya Menon,Male,24,D006,Operations Executive,MBA,Hyderabad,Telangana,2022-01-13,4,21-30
EMP00023,Sneha Rao,Male,39,D004,Sales Executive,MBA,Chennai,Tamil Nadu,2017-01-10,9,31-40
EMP00024,Sanjay Reddy,Male,23,D004,Sales Manager,M.Sc,Bengaluru,Karnataka,2020-01-20,6,21-30
EMP00025,Arjun Singh,Female,45,D004,Sales Manager,MCA,Kochi,Kerala,2023-05-01,3,41-50
EMP00026,Vignesh Kumar,Male,53,D001,Recruiter,M.Sc,Pune,Maharashtra,2022-05-20,4,51-60
EMP00027,Akash Bose,Male,34,D003,SQL Developer,MCA,Hyderabad,Telangana,2018-10-31,8,31-40
EMP00028,Daniel Verma,Female,30,D004,Sales Executive,B.Tech,Mumbai,Maharashtra,2023-01-09,3,21-30
EMP00029,Karthik Verma,Female,48,D003,Software Engineer,B.Sc,Chennai,Tamil Nadu,2024-07-23,2,41-50
EMP00030,Rahul Iyer,Female,46,D005,SEO Specialist,B.Sc,Chennai,Tamil Nadu,2022-06-01,4,41-50
EMP00031,Riya Joseph,Male,51,D005,Marketing Executive,M.Sc,Chennai,Tamil Nadu,2023-05-18,3,51-60
EMP00032,Aarav Bose,Male,39,D005,SEO Specialist,M.Sc,Bengaluru,Karnataka,2023-02-05,3,31-40
EMP00033,Ananya Sharma,Male,34,D003,Software Engineer,B.Sc,Pune,Maharashtra,2017-06-01,9,31-40
EMP00034,Harini Verma,Male,54,D004,Sales Manager,MBA,Coimbatore,Tamil Nadu,2017-01-29,9,51-60
EMP00035,Akash Reddy,Female,38,D006,Supervisor,B.Sc,Mumbai,Maharashtra,2022-01-12,4,31-40
EMP00036,Ananya Nair,Male,51,D004,Sales Manager,B.Tech,Pune,Maharashtra,2020-06-04,6,51-60
EMP00037,Aditya Reddy,Female,53,D001,HR Executive,B.Sc,Coimbatore,Tamil Nadu,2022-10-18,4,51-60
EMP00038,Sanjay Singh,Male,31,D004,Sales Manager,B.Tech,Chennai,Tamil Nadu,2019-08-27,7,31-40
EMP00039,Riya Sharma,Female,46,D003,Software Engineer,B.Tech,Kochi,Kerala,2019-05-19,7,41-50
EMP00040,Nikhil Kumar,Male,38,D005,Marketing Executive,MBA,Mumbai,Maharashtra,2020-11-25,6,31-40
EMP00041,Vivaan Gupta,Male,40,D002,Accountant,M.Sc,Mumbai,Maharashtra,2017-10-05,9,31-40
EMP00042,Diya Mohan,Female,44,D004,Sales Executive,MBA,Kochi,Kerala,2022-09-30,4,41-50
EMP00043,Keerthi Gupta,Female,57,D001,Recruiter,MCA,Mumbai,Maharashtra,2024-12-15,2,51-60
EMP00044,Aditya Mohan,Male,36,D005,Marketing Executive,B.Sc,Mumbai,Maharashtra,2023-03-10,3,31-40
EMP00045,Karthik Gupta,Male,38,D005,SEO Specialist,B.Sc,Chennai,Tamil Nadu,2018-06-21,8,31-40
EMP00046,Harini Das,Female,42,D002,Financial Analyst,B.Sc,Mumbai,Maharashtra,2024-08-18,2,41-50
EMP00047,Rahul Rao,Male,53,D003,Software Engineer,B.Tech,Chennai,Tamil Nadu,2017-06-22,9,51-60
EMP00048,Vignesh Joseph,Female,48,D006,Supervisor,M.Sc,Chennai,Tamil Nadu,2017-11-27,9,41-50
EMP00049,Vignesh Nair,Male,49,D005,SEO Specialist,B.Sc,Pune,Maharashtra,2024-07-05,2,41-50
EMP00050,Arjun Sharma,Female,44,D003,SQL Developer,MCA,Kochi,Kerala,2024-12-27,2,41-50
EMP00051,Riya Gupta,Female,46,D006,Supervisor,MCA,Chennai,Tamil Nadu,2021-09-22,5,41-50
EMP00052,Riya Das,Male,39,D006,Operations Executive,MBA,Coimbatore,Tamil Nadu,2023-06-04,3,31-40
EMP00053,Akash Reddy,Female,58,D004,Sales Executive,MBA,Pune,Maharashtra,2017-04-27,9,51-60
EMP00054,Akash Das,Female,28,D005,Marketing Executive,M.Sc,Hyderabad,Telangana,2019-03-16,7,21-30
EMP00055,Diya Bose,Female,33,D002,Accountant,B.Sc,Bengaluru,Karnataka,2020-03-09,6,31-40
EMP00056,Ananya Joseph,Female,54,D003,SQL Developer,B.Tech,Kochi,Kerala,2017-04-15,9,51-60
EMP00057,Sanjay Nair,Female,58,D004,Sales Manager,B.Sc,Hyderabad,Telangana,2021-02-06,5,51-60
EMP00058,Akash Mohan,Female,46,D004,Sales Manager,B.Sc,Coimbatore,Tamil Nadu,2024-01-24,2,41-50
EMP00059,Ananya Patel,Male,55,D001,HR Executive,MCA,Pune,Maharashtra,2021-01-09,5,51-60
EMP00060,Meera Joseph,Male,23,D002,Financial Analyst,MBA,Chennai,Tamil Nadu,2022-12-27,4,21-30
EMP00061,Priya Menon,Female,23,D004,Sales Manager,M.Sc,Mumbai,Maharashtra,2019-12-25,7,21-30
EMP00062,Vivaan Patel,Male,55,D005,SEO Specialist,B.Tech,Mumbai,Maharashtra,2023-06-23,3,51-60
EMP00063,Riya Nair,Female,22,D005,Marketing Executive,MCA,Bengaluru,Karnataka,2018-10-15,8,21-30
EMP00064,Nikhil Kumar,Female,30,D001,Recruiter,MCA,Hyderabad,Telangana,2023-03-19,3,21-30
EMP00065,Diya Bose,Male,54,D001,HR Executive,MCA,Kochi,Kerala,2017-01-29,9,51-60
EMP00066,Keerthi Kumar,Male,49,D004,Sales Manager,MBA,Chennai,Tamil Nadu,2023-07-24,3,41-50
EMP00067,Meera Menon,Female,24,D002,Accountant,MCA,Chennai,Tamil Nadu,2020-12-18,6,21-30
EMP00068,Aarav Menon,Female,45,D002,Financial Analyst,MCA,Hyderabad,Telangana,2019-01-28,7,41-50
EMP00069,Aditya Verma,Male,35,D002,Accountant,B.Tech,Bengaluru,Karnataka,2020-06-19,6,31-40
EMP00070,Ananya Sharma,Female,35,D006,Operations Executive,MBA,Chennai,Tamil Nadu,2024-04-25,2,31-40
EMP00071,Aditya Reddy,Female,52,D003,SQL Developer,B.Tech,Kochi,Kerala,2021-05-05,5,51-60
EMP00072,Keerthi Rao,Male,52,D004,Sales Manager,M.Sc,Pune,Maharashtra,2019-12-08,7,51-60
EMP00073,Ananya Gupta,Female,33,D004,Sales Executive,B.Sc,Bengaluru,Karnataka,2021-03-11,5,31-40
EMP00074,Vivaan Gupta,Male,27,D006,Supervisor,M.Sc,Hyderabad,Telangana,2019-05-06,7,21-30
EMP00075,Sanjay Das,Female,53,D001,Recruiter,B.Sc,Bengaluru,Karnataka,2025-01-01,1,51-60
EMP00076,Akash Mohan,Female,51,D002,Financial Analyst,MBA,Bengaluru,Karnataka,2020-06-09,6,51-60
EMP00077,Vivaan Sharma,Male,40,D002,Financial Analyst,B.Sc,Pune,Maharashtra,2019-05-10,7,31-40
EMP00078,Meera Iyer,Male,49,D001,Recruiter,MCA,Mumbai,Maharashtra,2017-09-17,9,41-50
EMP00079,Aarav Joseph,Male,55,D005,SEO Specialist,MCA,Coimbatore,Tamil Nadu,2020-12-18,6,51-60
EMP00080,Vivaan Sharma,Female,52,D002,Accountant,B.Sc,Pune,Maharashtra,2023-09-13,3,51-60
EMP00081,Keerthi Rao,Female,54,D006,Operations Executive,B.Tech,Pune,Maharashtra,2020-02-15,6,51-60
EMP00082,Riya Sharma,Female,40,D001,HR Executive,MCA,Chennai,Tamil Nadu,2024-08-16,2,31-40
EMP00083,Daniel Kumar,Female,50,D004,Sales Executive,B.Tech,Bengaluru,Karnataka,2024-03-21,2,41-50
EMP00084,Nikhil Patel,Male,36,D006,Supervisor,MBA,Coimbatore,Tamil Nadu,2019-10-22,7,31-40
EMP00085,Harini Bose,Female,55,D006,Operations Executive,M.Sc,Hyderabad,Telangana,2023-11-29,3,51-60
EMP00086,Vivaan Bose,Female,39,D002,Financial Analyst,MCA,Chennai,Tamil Nadu,2019-12-07,7,31-40
EMP00087,Varun Verma,Female,38,D003,Data Analyst,M.Sc,Pune,Maharashtra,2017-01-23,9,31-40
EMP00088,Rahul Gupta,Female,32,D001,HR Executive,MBA,Hyderabad,Telangana,2023-08-27,3,31-40
EMP00089,Vignesh Reddy,Male,41,D002,Accountant,B.Tech,Hyderabad,Telangana,2024-03-07,2,41-50
EMP00090,Aditya Singh,Male,49,D002,Financial Analyst,M.Sc,Pune,Maharashtra,2022-10-13,4,41-50
EMP00091,Akash Kumar,Male,52,D004,Sales Manager,MBA,Pune,Maharashtra,2024-09-08,2,51-60
EMP00092,Rahul Nair,Female,22,D003,SQL Developer,B.Tech,Mumbai,Maharashtra,2021-03-23,5,21-30
EMP00093,Keerthi Das,Male,27,D003,Software Engineer,MCA,Kochi,Kerala,2023-10-24,3,21-30
EMP00094,Riya Menon,Female,58,D006,Operations Executive,M.Sc,Kochi,Kerala,2020-01-13,6,51-60
EMP00095,Arjun Patel,Male,46,D004,Sales Executive,MCA,Hyderabad,Telangana,2017-01-06,9,41-50
EMP00096,Arjun Joseph,Male,30,D003,Software Engineer,M.Sc,Hyderabad,Telangana,2025-02-06,1,21-30
EMP00097,Keerthi Singh,Male,49,D002,Financial Analyst,MCA,Chennai,Tamil Nadu,2023-11-17,3,41-50
EMP00098,Daniel Verma,Male,35,D003,SQL Developer,B.Tech,Mumbai,Maharashtra,2017-09-19,9,31-40
EMP00099,Keerthi Iyer,Male,43,D001,Recruiter,M.Sc,Coimbatore,Tamil Nadu,2020-07-22,6,41-50
EMP00100,Sanjay Kumar,Male,38,D006,Supervisor,B.Sc,Chennai,Tamil Nadu,2017-08-25,9,31-40
EMP00101,Priya Kumar,Female,46,D004,Sales Executive,MBA,Bengaluru,Karnataka,2023-09-01,3,41-50
EMP00102,Aarav Patel,Female,49,D004,Sales Executive,M.Sc,Mumbai,Maharashtra,2017-04-25,9,41-50
EMP00103,Arjun Iyer,Male,41,D003,Software Engineer,B.Tech,Coimbatore,Tamil Nadu,2022-10-18,4,41-50
EMP00104,Aarav Rao,Female,30,D004,Sales Executive,MBA,Mumbai,Maharashtra,2024-08-08,2,21-30
EMP00105,Diya Nair,Male,54,D004,Sales Manager,MBA,Hyderabad,Telangana,2024-11-07,2,51-60
EMP00106,Vignesh Rao,Female,48,D002,Accountant,B.Tech,Mumbai,Maharashtra,2019-08-22,7,41-50
EMP00107,Vignesh Verma,Female,32,D006,Supervisor,B.Sc,Kochi,Kerala,2024-06-14,2,31-40
EMP00108,Varun Patel,Female,38,D001,Recruiter,M.Sc,Chennai,Tamil Nadu,2024-10-24,2,31-40
EMP00109,Riya Iyer,Female,50,D003,SQL Developer,MBA,Pune,Maharashtra,2023-02-28,3,41-50
EMP00110,Priya Verma,Male,53,D001,Recruiter,MCA,Kochi,Kerala,2021-11-03,5,51-60
EMP00111,Vivaan Menon,Male,54,D004,Sales Executive,M.Sc,Coimbatore,Tamil Nadu,2023-04-27,3,51-60
EMP00112,Diya Rao,Female,41,D002,Accountant,B.Sc,Hyderabad,Telangana,2019-12-15,7,41-50
EMP00113,Aditya Bose,Male,58,D002,Accountant,M.Sc,Coimbatore,Tamil Nadu,2021-10-15,5,51-60
EMP00114,Harini Singh,Female,46,D002,Accountant,MCA,Coimbatore,Tamil Nadu,2020-09-17,6,41-50
EMP00115,Nikhil Das,Male,58,D005,Marketing Executive,B.Sc,Coimbatore,Tamil Nadu,2019-04-27,7,51-60
EMP00116,Diya Menon,Male,45,D005,Marketing Executive,MCA,Kochi,Kerala,2024-12-15,2,41-50
EMP00117,Ananya Singh,Female,39,D006,Operations Executive,B.Sc,Coimbatore,Tamil Nadu,2023-08-08,3,31-40
EMP00118,Rahul Menon,Male,58,D003,SQL Developer,B.Sc,Coimbatore,Tamil Nadu,2020-04-05,6,51-60
EMP00119,Sanjay Iyer,Male,49,D001,HR Executive,M.Sc,Pune,Maharashtra,2024-07-03,2,41-50
EMP00120,Rahul Menon,Male,48,D005,SEO Specialist,M.Sc,Mumbai,Maharashtra,2020-03-25,6,41-50
EMP00121,Varun Kumar,Female,43,D002,Accountant,M.Sc,Kochi,Kerala,2024-09-03,2,41-50
EMP00122,Ananya Joseph,Female,22,D004,Sales Manager,MBA,Mumbai,Maharashtra,2019-07-17,7,21-30
EMP00123,Keerthi Bose,Male,38,D003,Data Analyst,MBA,Bengaluru,Karnataka,2020-10-22,6,31-40
EMP00124,Arjun Rao,Female,50,D006,Supervisor,B.Sc,Bengaluru,Karnataka,2019-10-22,7,41-50
EMP00125,Meera Verma,Female,48,D004,Sales Manager,B.Tech,Pune,Maharashtra,2019-11-21,7,41-50
EMP00126,Rahul Joseph,Male,26,D002,Accountant,B.Tech,Bengaluru,Karnataka,2019-11-04,7,21-30
EMP00127,Riya Mohan,Female,27,D004,Sales Manager,B.Sc,Hyderabad,Telangana,2022-01-22,4,21-30
EMP00128,Daniel Kumar,Female,49,D003,Software Engineer,MCA,Bengaluru,Karnataka,2021-04-22,5,41-50
EMP00129,Daniel Nair,Female,41,D001,HR Executive,B.Sc,Hyderabad,Telangana,2021-04-27,5,41-50
EMP00130,Aarav Iyer,Female,47,D006,Operations Executive,MBA,Coimbatore,Tamil Nadu,2018-01-21,8,41-50
EMP00131,Nikhil Bose,Female,24,D005,SEO Specialist,MBA,Mumbai,Maharashtra,2018-04-08,8,21-30
EMP00132,Sanjay Verma,Female,35,D005,SEO Specialist,B.Tech,Bengaluru,Karnataka,2022-03-24,4,31-40
EMP00133,Diya Das,Male,34,D004,Sales Executive,B.Tech,Hyderabad,Telangana,2024-08-05,2,31-40
EMP00134,Rahul Menon,Female,57,D006,Supervisor,B.Tech,Mumbai,Maharashtra,2020-12-30,6,51-60
EMP00135,Akash Reddy,Female,46,D005,Marketing Executive,B.Tech,Chennai,Tamil Nadu,2019-01-15,7,41-50
EMP00136,Aarav Kumar,Male,28,D003,Data Analyst,M.Sc,Chennai,Tamil Nadu,2019-06-21,7,21-30
EMP00137,Karthik Iyer,Female,25,D003,Software Engineer,B.Tech,Kochi,Kerala,2025-02-18,1,21-30
EMP00138,Nikhil Gupta,Male,35,D005,SEO Specialist,B.Sc,Mumbai,Maharashtra,2019-08-18,7,31-40
EMP00139,Nikhil Verma,Male,31,D006,Operations Executive,MBA,Coimbatore,Tamil Nadu,2021-11-22,5,31-40
EMP00140,Vignesh Verma,Male,39,D002,Accountant,M.Sc,Mumbai,Maharashtra,2017-02-24,9,31-40
EMP00141,Rahul Sharma,Female,50,D002,Accountant,B.Tech,Mumbai,Maharashtra,2020-05-02,6,41-50
EMP00142,Arjun Das,Female,48,D003,SQL Developer,MCA,Chennai,Tamil Nadu,2024-12-31,2,41-50
EMP00143,Sneha Joseph,Female,48,D001,Recruiter,MCA,Pune,Maharashtra,2024-08-26,2,41-50
EMP00144,Aarav Rao,Female,22,D004,Sales Manager,B.Sc,Coimbatore,Tamil Nadu,2020-03-24,6,21-30
EMP00145,Priya Rao,Female,53,D006,Supervisor,B.Sc,Bengaluru,Karnataka,2024-11-28,2,51-60
EMP00146,Sanjay Gupta,Male,43,D002,Financial Analyst,B.Sc,Coimbatore,Tamil Nadu,2022-04-27,4,41-50
EMP00147,Sneha Das,Male,25,D003,SQL Developer,M.Sc,Coimbatore,Tamil Nadu,2023-01-15,3,21-30
EMP00148,Vignesh Patel,Male,32,D004,Sales Manager,MCA,Hyderabad,Telangana,2024-09-11,2,31-40
EMP00149,Harini Mohan,Female,36,D006,Operations Executive,B.Tech,Pune,Maharashtra,2019-03-24,7,31-40
EMP00150,Vignesh Kumar,Male,35,D002,Accountant,MCA,Coimbatore,Tamil Nadu,2019-01-13,7,31-40
EMP00151,Daniel Reddy,Female,49,D003,SQL Developer,B.Sc,Pune,Maharashtra,2024-03-27,2,41-50
EMP00152,Sneha Rao,Male,23,D001,Recruiter,B.Tech,Bengaluru,Karnataka,2020-09-26,6,21-30
EMP00153,Harini Singh,Female,37,D006,Supervisor,M.Sc,Chennai,Tamil Nadu,2017-02-28,9,31-40
EMP00154,Vivaan Iyer,Female,50,D005,SEO Specialist,B.Tech,Pune,Maharashtra,2018-08-20,8,41-50
EMP00155,Nikhil Reddy,Male,45,D006,Supervisor,MCA,Pune,Maharashtra,2017-04-13,9,41-50
EMP00156,Akash Reddy,Female,27,D005,SEO Specialist,MBA,Chennai,Tamil Nadu,2017-12-23,9,21-30
EMP00157,Akash Menon,Female,36,D003,Data Analyst,B.Sc,Pune,Maharashtra,2017-05-01,9,31-40
EMP00158,Sneha Mohan,Male,51,D005,SEO Specialist,B.Tech,Bengaluru,Karnataka,2023-09-30,3,51-60
EMP00159,Sanjay Gupta,Female,40,D001,HR Executive,B.Sc,Coimbatore,Tamil Nadu,2018-09-27,8,31-40
EMP00160,Sanjay Singh,Male,28,D005,Marketing Executive,B.Sc,Pune,Maharashtra,2020-11-20,6,21-30
EMP00161,Sneha Nair,Female,54,D004,Sales Manager,MCA,Coimbatore,Tamil Nadu,2024-06-14,2,51-60
EMP00162,Diya Singh,Male,30,D006,Supervisor,B.Tech,Kochi,Kerala,2020-02-21,6,21-30
EMP00163,Vivaan Kumar,Male,43,D002,Financial Analyst,MCA,Chennai,Tamil Nadu,2017-04-19,9,41-50
EMP00164,Riya Verma,Female,46,D002,Accountant,B.Sc,Coimbatore,Tamil Nadu,2020-12-29,6,41-50
EMP00165,Arjun Das,Female,28,D004,Sales Executive,M.Sc,Pune,Maharashtra,2017-11-09,9,21-30
EMP00166,Rahul Das,Male,22,D006,Supervisor,MBA,Chennai,Tamil Nadu,2024-11-30,2,21-30
EMP00167,Diya Verma,Male,51,D006,Operations Executive,MBA,Mumbai,Maharashtra,2022-11-01,4,51-60
EMP00168,Varun Patel,Male,28,D003,Data Analyst,MBA,Kochi,Kerala,2023-04-07,3,21-30
EMP00169,Aarav Reddy,Female,45,D001,Recruiter,B.Tech,Bengaluru,Karnataka,2022-01-20,4,41-50
EMP00170,Daniel Sharma,Male,57,D002,Accountant,B.Tech,Bengaluru,Karnataka,2022-04-11,4,51-60
EMP00171,Sneha Das,Female,55,D005,SEO Specialist,MCA,Mumbai,Maharashtra,2018-02-05,8,51-60
EMP00172,Sanjay Sharma,Female,47,D004,Sales Executive,M.Sc,Coimbatore,Tamil Nadu,2019-04-03,7,41-50
EMP00173,Ananya Sharma,Male,45,D006,Operations Executive,M.Sc,Coimbatore,Tamil Nadu,2018-05-12,8,41-50
EMP00174,Vignesh Nair,Female,33,D001,HR Executive,MBA,Mumbai,Maharashtra,2017-09-23,9,31-40
EMP00175,Karthik Mohan,Female,41,D003,Software Engineer,B.Sc,Mumbai,Maharashtra,2022-10-21,4,41-50
EMP00176,Meera Joseph,Male,45,D001,Recruiter,M.Sc,Kochi,Kerala,2021-02-06,5,41-50
EMP00177,Aarav Patel,Male,54,D003,SQL Developer,M.Sc,Kochi,Kerala,2025-01-06,1,51-60
EMP00178,Vivaan Verma,Male,54,D005,Marketing Executive,B.Tech,Hyderabad,Telangana,2022-10-25,4,51-60
EMP00179,Harini Verma,Female,49,D003,Software Engineer,MCA,Coimbatore,Tamil Nadu,2020-06-09,6,41-50
EMP00180,Arjun Bose,Male,23,D004,Sales Manager,MCA,Hyderabad,Telangana,2020-04-07,6,21-30
EMP00181,Aditya Nair,Female,23,D006,Operations Executive,M.Sc,Mumbai,Maharashtra,2018-12-28,8,21-30
EMP00182,Priya Das,Male,22,D006,Supervisor,B.Sc,Mumbai,Maharashtra,2023-08-02,3,21-30
EMP00183,Priya Joseph,Female,22,D004,Sales Manager,MBA,Kochi,Kerala,2024-09-10,2,21-30
EMP00184,Karthik Sharma,Female,56,D005,Marketing Executive,MBA,Kochi,Kerala,2018-01-16,8,51-60
EMP00185,Sneha Bose,Female,47,D003,Data Analyst,B.Sc,Mumbai,Maharashtra,2024-05-07,2,41-50
EMP00186,Diya Sharma,Female,47,D004,Sales Manager,M.Sc,Coimbatore,Tamil Nadu,2022-10-10,4,41-50
EMP00187,Aarav Nair,Female,52,D004,Sales Executive,MCA,Hyderabad,Telangana,2023-08-05,3,51-60
EMP00188,Rahul Reddy,Female,53,D001,HR Executive,B.Sc,Chennai,Tamil Nadu,2023-05-05,3,51-60
EMP00189,Sneha Nair,Female,38,D003,SQL Developer,M.Sc,Hyderabad,Telangana,2024-02-12,2,31-40
EMP00190,Nikhil Das,Female,53,D005,SEO Specialist,MCA,Coimbatore,Tamil Nadu,2024-02-14,2,51-60
EMP00191,Vignesh Sharma,Female,50,D005,SEO Specialist,M.Sc,Pune,Maharashtra,2019-09-21,7,41-50
EMP00192,Keerthi Singh,Female,26,D003,Data Analyst,B.Sc,Mumbai,Maharashtra,2023-05-15,3,21-30
EMP00193,Diya Bose,Male,50,D004,Sales Executive,MBA,Bengaluru,Karnataka,2022-05-22,4,41-50
EMP00194,Vignesh Singh,Female,29,D001,HR Executive,MBA,Hyderabad,Telangana,2019-09-04,7,21-30
EMP00195,Akash Sharma,Female,28,D002,Accountant,M.Sc,Pune,Maharashtra,2021-11-18,5,21-30
EMP00196,Nikhil Nair,Female,51,D003,SQL Developer,MBA,Mumbai,Maharashtra,2020-03-16,6,51-60
EMP00197,Sanjay Bose,Male,35,D002,Accountant,B.Sc,Hyderabad,Telangana,2020-07-29,6,31-40
EMP00198,Ananya Menon,Female,52,D004,Sales Manager,M.Sc,Pune,Maharashtra,2020-11-15,6,51-60
EMP00199,Varun Das,Male,26,D006,Operations Executive,B.Tech,Chennai,Tamil Nadu,2019-09-24,7,21-30
EMP00200,Ananya Kumar,Female,44,D002,Accountant,B.Sc,Mumbai,Maharashtra,2018-09-03,8,41-50
EMP00201,Karthik Verma,Female,34,D006,Operations Executive,M.Sc,Bengaluru,Karnataka,2024-06-11,2,31-40
EMP00202,Ananya Kumar,Male,25,D006,Supervisor,M.Sc,Coimbatore,Tamil Nadu,2018-05-01,8,21-30
EMP00203,Karthik Rao,Female,35,D001,Recruiter,B.Sc,Hyderabad,Telangana,2022-02-22,4,31-40
EMP00204,Sneha Singh,Male,42,D005,Marketing Executive,MBA,Bengaluru,Karnataka,2023-08-27,3,41-50
EMP00205,Sneha Mohan,Female,36,D002,Financial Analyst,B.Sc,Chennai,Tamil Nadu,2023-08-10,3,31-40
EMP00206,Vignesh Singh,Male,28,D001,HR Executive,M.Sc,Bengaluru,Karnataka,2024-12-16,2,21-30
EMP00207,Keerthi Joseph,Female,24,D006,Supervisor,MCA,Chennai,Tamil Nadu,2021-04-13,5,21-30
EMP00208,Arjun Singh,Male,47,D002,Financial Analyst,B.Tech,Hyderabad,Telangana,2018-11-22,8,41-50
EMP00209,Harini Reddy,Female,32,D003,SQL Developer,M.Sc,Chennai,Tamil Nadu,2022-09-22,4,31-40
EMP00210,Karthik Kumar,Male,51,D006,Supervisor,B.Tech,Hyderabad,Telangana,2022-03-10,4,51-60
EMP00211,Meera Gupta,Male,39,D004,Sales Manager,M.Sc,Pune,Maharashtra,2021-09-06,5,31-40
EMP00212,Diya Joseph,Female,24,D006,Supervisor,MCA,Pune,Maharashtra,2018-04-20,8,21-30
EMP00213,Karthik Nair,Female,50,D004,Sales Manager,MCA,Mumbai,Maharashtra,2025-03-03,1,41-50
EMP00214,Riya Reddy,Female,58,D004,Sales Executive,B.Sc,Hyderabad,Telangana,2018-05-26,8,51-60
EMP00215,Vignesh Singh,Male,42,D001,Recruiter,MCA,Mumbai,Maharashtra,2018-01-02,8,41-50
EMP00216,Vignesh Iyer,Male,54,D001,Recruiter,MCA,Coimbatore,Tamil Nadu,2024-02-02,2,51-60
EMP00217,Nikhil Sharma,Male,53,D001,Recruiter,MCA,Mumbai,Maharashtra,2017-03-25,9,51-60
EMP00218,Diya Menon,Male,43,D006,Operations Executive,MCA,Kochi,Kerala,2023-03-13,3,41-50
EMP00219,Akash Joseph,Female,36,D005,SEO Specialist,B.Tech,Mumbai,Maharashtra,2024-01-25,2,31-40
EMP00220,Karthik Mohan,Female,46,D006,Operations Executive,M.Sc,Chennai,Tamil Nadu,2022-04-08,4,41-50
EMP00221,Riya Iyer,Female,44,D005,SEO Specialist,MBA,Bengaluru,Karnataka,2020-03-12,6,41-50
EMP00222,Daniel Mohan,Female,37,D006,Supervisor,M.Sc,Coimbatore,Tamil Nadu,2022-03-14,4,31-40
EMP00223,Ananya Kumar,Female,33,D002,Accountant,MBA,Bengaluru,Karnataka,2019-03-28,7,31-40
EMP00224,Aditya Das,Male,52,D005,SEO Specialist,B.Tech,Coimbatore,Tamil Nadu,2020-12-17,6,51-60
EMP00225,Akash Das,Male,35,D004,Sales Manager,M.Sc,Chennai,Tamil Nadu,2022-10-09,4,31-40
EMP00226,Sanjay Verma,Male,57,D005,SEO Specialist,B.Sc,Chennai,Tamil Nadu,2022-10-14,4,51-60
EMP00227,Vivaan Rao,Male,53,D003,Data Analyst,B.Sc,Hyderabad,Telangana,2024-01-09,2,51-60
EMP00228,Akash Bose,Female,26,D005,SEO Specialist,MCA,Mumbai,Maharashtra,2018-03-16,8,21-30
EMP00229,Aditya Mohan,Female,27,D004,Sales Executive,MBA,Mumbai,Maharashtra,2022-01-02,4,21-30
EMP00230,Meera Iyer,Male,51,D005,SEO Specialist,MCA,Coimbatore,Tamil Nadu,2020-06-01,6,51-60
EMP00231,Sneha Kumar,Male,34,D005,SEO Specialist,B.Sc,Chennai,Tamil Nadu,2024-05-10,2,31-40
EMP00232,Nikhil Bose,Female,28,D003,Data Analyst,B.Sc,Pune,Maharashtra,2020-07-20,6,21-30
EMP00233,Sneha Singh,Male,28,D001,HR Executive,MBA,Chennai,Tamil Nadu,2018-07-02,8,21-30
EMP00234,Sanjay Bose,Female,42,D001,HR Executive,B.Tech,Kochi,Kerala,2019-07-20,7,41-50
EMP00235,Meera Reddy,Male,39,D004,Sales Manager,M.Sc,Chennai,Tamil Nadu,2020-01-16,6,31-40
EMP00236,Ananya Nair,Female,45,D002,Financial Analyst,MCA,Chennai,Tamil Nadu,2017-04-21,9,41-50
EMP00237,Harini Patel,Female,24,D005,SEO Specialist,B.Sc,Kochi,Kerala,2022-08-27,4,21-30
EMP00238,Nikhil Sharma,Male,31,D002,Accountant,B.Tech,Coimbatore,Tamil Nadu,2019-06-05,7,31-40
EMP00239,Meera Das,Female,44,D001,Recruiter,M.Sc,Bengaluru,Karnataka,2017-12-10,9,41-50
EMP00240,Aditya Iyer,Male,35,D005,SEO Specialist,B.Sc,Coimbatore,Tamil Nadu,2020-09-14,6,31-40
EMP00241,Varun Singh,Male,24,D001,Recruiter,MCA,Chennai,Tamil Nadu,2024-07-01,2,21-30
EMP00242,Vivaan Joseph,Male,28,D003,SQL Developer,MCA,Coimbatore,Tamil Nadu,2022-12-04,4,21-30
EMP00243,Vivaan Gupta,Male,54,D006,Operations Executive,B.Sc,Mumbai,Maharashtra,2022-01-30,4,51-60
EMP00244,Keerthi Mohan,Female,48,D002,Accountant,M.Sc,Mumbai,Maharashtra,2024-06-29,2,41-50
EMP00245,Karthik Bose,Female,27,D003,Data Analyst,MCA,Coimbatore,Tamil Nadu,2017-05-28,9,21-30
EMP00246,Rahul Sharma,Male,26,D006,Operations Executive,B.Tech,Chennai,Tamil Nadu,2018-08-03,8,21-30
EMP00247,Aditya Gupta,Female,47,D001,HR Executive,B.Sc,Hyderabad,Telangana,2021-01-31,5,41-50
EMP00248,Daniel Joseph,Male,52,D005,Marketing Executive,B.Sc,Pune,Maharashtra,2021-10-28,5,51-60
EMP00249,Riya Das,Male,47,D002,Financial Analyst,MBA,Pune,Maharashtra,2020-09-27,6,41-50
EMP00250,Vivaan Joseph,Male,39,D004,Sales Executive,B.Sc,Bengaluru,Karnataka,2019-02-16,7,31-40
EMP00251,Rahul Menon,Female,44,D002,Financial Analyst,B.Sc,Kochi,Kerala,2024-12-04,2,41-50
EMP00252,Arjun Singh,Male,23,D002,Financial Analyst,B.Tech,Pune,Maharashtra,2023-10-19,3,21-30
EMP00253,Riya Joseph,Male,25,D001,HR Executive,B.Tech,Pune,Maharashtra,2023-12-02,3,21-30
EMP00254,Varun Singh,Female,47,D005,Marketing Executive,M.Sc,Hyderabad,Telangana,2021-03-05,5,41-50
EMP00255,Riya Reddy,Female,34,D002,Financial Analyst,B.Tech,Mumbai,Maharashtra,2017-09-03,9,31-40
EMP00256,Diya Kumar,Male,39,D003,Software Engineer,M.Sc,Bengaluru,Karnataka,2024-11-29,2,31-40
EMP00257,Keerthi Verma,Female,53,D002,Accountant,B.Tech,Pune,Maharashtra,2022-06-07,4,51-60
EMP00258,Riya Mohan,Female,48,D004,Sales Executive,MCA,Coimbatore,Tamil Nadu,2017-04-01,9,41-50
EMP00259,Vivaan Das,Female,29,D002,Financial Analyst,B.Tech,Bengaluru,Karnataka,2017-06-28,9,21-30
EMP00260,Riya Bose,Male,25,D001,HR Executive,B.Tech,Pune,Maharashtra,2025-02-15,1,21-30
EMP00261,Riya Das,Male,24,D004,Sales Manager,MBA,Pune,Maharashtra,2024-07-26,2,21-30
EMP00262,Karthik Gupta,Male,39,D004,Sales Executive,B.Tech,Kochi,Kerala,2023-06-12,3,31-40
EMP00263,Vivaan Kumar,Male,37,D004,Sales Manager,MBA,Kochi,Kerala,2019-03-30,7,31-40
EMP00264,Vignesh Rao,Male,36,D005,SEO Specialist,M.Sc,Pune,Maharashtra,2023-12-22,3,31-40
EMP00265,Harini Nair,Male,58,D001,HR Executive,MBA,Kochi,Kerala,2019-06-16,7,51-60
EMP00266,Arjun Joseph,Female,38,D006,Supervisor,B.Tech,Mumbai,Maharashtra,2020-10-25,6,31-40
EMP00267,Rahul Nair,Male,57,D006,Supervisor,B.Tech,Bengaluru,Karnataka,2019-01-27,7,51-60
EMP00268,Riya Joseph,Female,52,D004,Sales Executive,B.Sc,Hyderabad,Telangana,2023-03-15,3,51-60
EMP00269,Priya Joseph,Male,26,D003,SQL Developer,MCA,Pune,Maharashtra,2019-02-15,7,21-30
EMP00270,Vignesh Reddy,Male,45,D006,Supervisor,B.Tech,Coimbatore,Tamil Nadu,2019-03-08,7,41-50
EMP00271,Daniel Rao,Male,36,D001,Recruiter,M.Sc,Pune,Maharashtra,2017-12-08,9,31-40
EMP00272,Varun Verma,Female,56,D004,Sales Manager,B.Sc,Mumbai,Maharashtra,2024-11-26,2,51-60
EMP00273,Diya Mohan,Male,52,D004,Sales Manager,B.Sc,Chennai,Tamil Nadu,2021-06-28,5,51-60
EMP00274,Karthik Menon,Female,52,D004,Sales Manager,M.Sc,Chennai,Tamil Nadu,2024-12-24,2,51-60
EMP00275,Aarav Patel,Female,43,D004,Sales Manager,B.Tech,Coimbatore,Tamil Nadu,2021-09-15,5,41-50
EMP00276,Sanjay Patel,Female,53,D005,Marketing Executive,M.Sc,Pune,Maharashtra,2021-09-07,5,51-60
EMP00277,Keerthi Das,Female,40,D005,SEO Specialist,MCA,Coimbatore,Tamil Nadu,2020-11-02,6,31-40
EMP00278,Harini Verma,Male,55,D002,Financial Analyst,B.Sc,Bengaluru,Karnataka,2022-11-23,4,51-60
EMP00279,Rahul Gupta,Female,32,D002,Accountant,MCA,Chennai,Tamil Nadu,2021-11-05,5,31-40
EMP00280,Aarav Sharma,Female,28,D003,SQL Developer,B.Tech,Kochi,Kerala,2019-04-06,7,21-30
EMP00281,Aarav Singh,Female,38,D003,SQL Developer,MBA,Bengaluru,Karnataka,2024-11-04,2,31-40
EMP00282,Sanjay Menon,Female,50,D002,Financial Analyst,MBA,Pune,Maharashtra,2021-05-29,5,41-50
EMP00283,Rahul Mohan,Male,47,D005,SEO Specialist,B.Tech,Bengaluru,Karnataka,2024-06-18,2,41-50
EMP00284,Priya Nair,Male,26,D002,Accountant,B.Tech,Mumbai,Maharashtra,2024-03-14,2,21-30
EMP00285,Keerthi Gupta,Female,56,D006,Supervisor,B.Tech,Kochi,Kerala,2023-11-07,3,51-60
EMP00286,Sanjay Verma,Male,48,D002,Accountant,B.Tech,Kochi,Kerala,2018-08-29,8,41-50
EMP00287,Keerthi Joseph,Male,41,D005,SEO Specialist,B.Tech,Coimbatore,Tamil Nadu,2023-01-20,3,41-50
EMP00288,Nikhil Menon,Female,23,D001,HR Executive,B.Tech,Hyderabad,Telangana,2020-09-23,6,21-30
EMP00289,Karthik Verma,Female,54,D005,Marketing Executive,MCA,Chennai,Tamil Nadu,2023-11-18,3,51-60
EMP00290,Vignesh Gupta,Male,26,D003,Software Engineer,B.Sc,Bengaluru,Karnataka,2017-01-14,9,21-30
EMP00291,Vignesh Joseph,Male,46,D006,Operations Executive,MBA,Coimbatore,Tamil Nadu,2024-11-06,2,41-50
EMP00292,Rahul Joseph,Female,48,D004,Sales Executive,B.Sc,Kochi,Kerala,2018-04-25,8,41-50
EMP00293,Sanjay Rao,Male,48,D004,Sales Executive,M.Sc,Pune,Maharashtra,2020-05-12,6,41-50
EMP00294,Vignesh Nair,Female,28,D006,Operations Executive,MCA,Coimbatore,Tamil Nadu,2024-03-16,2,21-30
EMP00295,Arjun Bose,Female,40,D003,SQL Developer,B.Sc,Pune,Maharashtra,2018-08-28,8,31-40
EMP00296,Karthik Reddy,Male,50,D006,Operations Executive,B.Tech,Hyderabad,Telangana,2021-11-29,5,41-50
EMP00297,Riya Joseph,Male,23,D006,Supervisor,MCA,Chennai,Tamil Nadu,2020-11-22,6,21-30
EMP00298,Keerthi Das,Female,27,D006,Supervisor,MCA,Mumbai,Maharashtra,2021-09-09,5,21-30
EMP00299,Daniel Mohan,Male,23,D005,SEO Specialist,MCA,Bengaluru,Karnataka,2023-02-14,3,21-30
EMP00300,Akash Gupta,Male,36,D002,Accountant,MCA,Pune,Maharashtra,2018-12-09,8,31-40
EMP00301,Sneha Patel,Female,33,D006,Operations Executive,MCA,Kochi,Kerala,2017-02-19,9,31-40
EMP00302,Aarav Menon,Female,28,D006,Operations Executive,B.Sc,Mumbai,Maharashtra,2025-02-02,1,21-30
EMP00303,Harini Reddy,Female,51,D006,Operations Executive,MCA,Pune,Maharashtra,2017-08-10,9,51-60
EMP00304,Sneha Nair,Female,28,D002,Financial Analyst,B.Tech,Coimbatore,Tamil Nadu,2021-10-06,5,21-30
EMP00305,Karthik Verma,Female,27,D002,Financial Analyst,B.Sc,Pune,Maharashtra,2023-08-19,3,21-30
EMP00306,Karthik Iyer,Male,53,D005,SEO Specialist,MCA,Pune,Maharashtra,2023-12-22,3,51-60
EMP00307,Vivaan Reddy,Male,32,D006,Operations Executive,B.Tech,Kochi,Kerala,2017-06-18,9,31-40
EMP00308,Riya Kumar,Male,28,D001,HR Executive,M.Sc,Mumbai,Maharashtra,2024-12-30,2,21-30
EMP00309,Diya Das,Male,30,D005,Marketing Executive,MBA,Bengaluru,Karnataka,2020-01-16,6,21-30
EMP00310,Sanjay Joseph,Male,25,D006,Operations Executive,MBA,Chennai,Tamil Nadu,2023-03-11,3,21-30
EMP00311,Vignesh Menon,Female,25,D005,SEO Specialist,MCA,Hyderabad,Telangana,2023-12-09,3,21-30
EMP00312,Aarav Bose,Male,51,D006,Supervisor,MCA,Chennai,Tamil Nadu,2022-08-04,4,51-60
EMP00313,Aarav Verma,Female,49,D001,HR Executive,MBA,Pune,Maharashtra,2017-09-28,9,41-50
EMP00314,Aditya Joseph,Male,51,D004,Sales Manager,MCA,Hyderabad,Telangana,2023-12-08,3,51-60
EMP00315,Nikhil Das,Male,30,D004,Sales Executive,B.Tech,Bengaluru,Karnataka,2023-12-23,3,21-30
EMP00316,Sanjay Singh,Female,32,D003,SQL Developer,MCA,Chennai,Tamil Nadu,2024-01-16,2,31-40
EMP00317,Karthik Kumar,Male,54,D004,Sales Manager,MCA,Pune,Maharashtra,2022-12-24,4,51-60
EMP00318,Aditya Verma,Female,26,D001,Recruiter,B.Tech,Kochi,Kerala,2018-12-26,8,21-30
EMP00319,Rahul Das,Male,44,D005,Marketing Executive,M.Sc,Chennai,Tamil Nadu,2019-10-21,7,41-50
EMP00320,Varun Iyer,Male,36,D001,HR Executive,B.Tech,Pune,Maharashtra,2017-07-06,9,31-40
EMP00321,Aarav Verma,Male,39,D003,Software Engineer,MBA,Kochi,Kerala,2018-04-27,8,31-40
EMP00322,Aditya Rao,Female,24,D004,Sales Executive,M.Sc,Kochi,Kerala,2024-12-22,2,21-30
EMP00323,Keerthi Reddy,Male,41,D001,HR Executive,B.Sc,Hyderabad,Telangana,2018-09-25,8,41-50
EMP00324,Varun Singh,Male,35,D004,Sales Executive,B.Sc,Coimbatore,Tamil Nadu,2022-02-13,4,31-40
EMP00325,Keerthi Singh,Female,37,D002,Financial Analyst,B.Tech,Pune,Maharashtra,2019-12-02,7,31-40
EMP00326,Arjun Nair,Female,49,D005,SEO Specialist,B.Sc,Hyderabad,Telangana,2020-07-27,6,41-50
EMP00327,Varun Kumar,Female,52,D003,SQL Developer,MCA,Bengaluru,Karnataka,2023-07-02,3,51-60
EMP00328,Akash Das,Male,34,D006,Operations Executive,B.Tech,Chennai,Tamil Nadu,2024-04-17,2,31-40
EMP00329,Sanjay Patel,Female,41,D006,Operations Executive,MCA,Hyderabad,Telangana,2018-10-07,8,41-50
EMP00330,Akash Patel,Male,42,D006,Supervisor,B.Sc,Pune,Maharashtra,2019-03-12,7,41-50
EMP00331,Vignesh Menon,Male,29,D006,Operations Executive,B.Sc,Kochi,Kerala,2019-09-10,7,21-30
EMP00332,Vivaan Gupta,Male,31,D002,Accountant,MBA,Hyderabad,Telangana,2017-03-25,9,31-40
EMP00333,Arjun Das,Female,47,D003,Data Analyst,MCA,Pune,Maharashtra,2022-12-22,4,41-50
EMP00334,Harini Iyer,Female,32,D002,Financial Analyst,B.Sc,Pune,Maharashtra,2017-04-02,9,31-40
EMP00335,Diya Mohan,Male,31,D003,Data Analyst,M.Sc,Pune,Maharashtra,2019-08-10,7,31-40
EMP00336,Aditya Nair,Female,22,D005,SEO Specialist,B.Sc,Mumbai,Maharashtra,2022-12-18,4,21-30
EMP00337,Akash Mohan,Male,38,D005,Marketing Executive,B.Sc,Kochi,Kerala,2022-10-12,4,31-40
EMP00338,Keerthi Reddy,Male,34,D003,SQL Developer,B.Tech,Mumbai,Maharashtra,2024-04-04,2,31-40
EMP00339,Aarav Reddy,Male,46,D006,Operations Executive,M.Sc,Hyderabad,Telangana,2017-09-12,9,41-50
EMP00340,Harini Rao,Male,48,D003,SQL Developer,MCA,Coimbatore,Tamil Nadu,2022-08-16,4,41-50
EMP00341,Aditya Kumar,Female,56,D002,Accountant,MBA,Kochi,Kerala,2021-09-15,5,51-60
EMP00342,Aditya Gupta,Male,44,D003,SQL Developer,B.Tech,Pune,Maharashtra,2024-05-20,2,41-50
EMP00343,Sanjay Bose,Female,57,D002,Accountant,MCA,Pune,Maharashtra,2017-03-10,9,51-60
EMP00344,Diya Kumar,Male,32,D004,Sales Manager,B.Sc,Bengaluru,Karnataka,2017-04-26,9,31-40
EMP00345,Daniel Bose,Male,43,D002,Accountant,MBA,Hyderabad,Telangana,2021-03-11,5,41-50
EMP00346,Rahul Kumar,Female,37,D003,SQL Developer,M.Sc,Kochi,Kerala,2023-07-08,3,31-40
EMP00347,Rahul Iyer,Female,45,D001,Recruiter,B.Sc,Mumbai,Maharashtra,2023-05-23,3,41-50
EMP00348,Meera Kumar,Male,58,D006,Supervisor,MBA,Bengaluru,Karnataka,2020-09-11,6,51-60
EMP00349,Aarav Singh,Female,54,D006,Operations Executive,B.Sc,Chennai,Tamil Nadu,2018-03-31,8,51-60
EMP00350,Harini Gupta,Male,30,D001,HR Executive,MBA,Chennai,Tamil Nadu,2022-06-27,4,21-30
EMP00351,Aarav Gupta,Female,42,D004,Sales Executive,MCA,Kochi,Kerala,2018-03-01,8,41-50
EMP00352,Varun Menon,Male,44,D005,SEO Specialist,MBA,Bengaluru,Karnataka,2020-05-22,6,41-50
EMP00353,Daniel Iyer,Male,45,D003,SQL Developer,MBA,Pune,Maharashtra,2017-01-06,9,41-50
EMP00354,Priya Bose,Female,39,D006,Operations Executive,M.Sc,Hyderabad,Telangana,2023-02-01,3,31-40
EMP00355,Akash Nair,Female,39,D004,Sales Manager,B.Tech,Mumbai,Maharashtra,2018-06-06,8,31-40
EMP00356,Keerthi Reddy,Male,31,D006,Supervisor,MCA,Bengaluru,Karnataka,2025-01-10,1,31-40
EMP00357,Keerthi Iyer,Female,42,D006,Supervisor,MBA,Pune,Maharashtra,2020-12-22,6,41-50
EMP00358,Harini Nair,Female,22,D006,Operations Executive,MCA,Mumbai,Maharashtra,2017-12-11,9,21-30
EMP00359,Priya Singh,Male,55,D006,Operations Executive,B.Sc,Coimbatore,Tamil Nadu,2022-03-26,4,51-60
EMP00360,Aarav Singh,Female,51,D005,Marketing Executive,M.Sc,Bengaluru,Karnataka,2017-09-28,9,51-60
EMP00361,Sanjay Joseph,Female,31,D003,Data Analyst,B.Sc,Mumbai,Maharashtra,2023-08-15,3,31-40
EMP00362,Harini Menon,Female,42,D002,Accountant,B.Sc,Pune,Maharashtra,2017-03-23,9,41-50
EMP00363,Ananya Kumar,Male,37,D005,SEO Specialist,B.Tech,Hyderabad,Telangana,2020-12-28,6,31-40
EMP00364,Vivaan Mohan,Male,26,D004,Sales Manager,MBA,Pune,Maharashtra,2018-01-29,8,21-30
EMP00365,Arjun Das,Female,54,D002,Accountant,MBA,Mumbai,Maharashtra,2017-09-01,9,51-60
EMP00366,Vignesh Kumar,Male,33,D001,HR Executive,B.Sc,Mumbai,Maharashtra,2020-02-23,6,31-40
EMP00367,Karthik Nair,Male,34,D006,Supervisor,M.Sc,Kochi,Kerala,2018-11-02,8,31-40
EMP00368,Arjun Mohan,Male,40,D006,Operations Executive,B.Tech,Coimbatore,Tamil Nadu,2018-01-19,8,31-40
EMP00369,Vivaan Gupta,Male,30,D005,Marketing Executive,B.Sc,Hyderabad,Telangana,2018-07-15,8,21-30
EMP00370,Harini Mohan,Male,31,D003,Software Engineer,MBA,Coimbatore,Tamil Nadu,2019-09-16,7,31-40
EMP00371,Sanjay Bose,Male,36,D003,SQL Developer,B.Tech,Bengaluru,Karnataka,2022-03-11,4,31-40
EMP00372,Rahul Bose,Female,37,D001,HR Executive,M.Sc,Chennai,Tamil Nadu,2024-01-12,2,31-40
EMP00373,Harini Joseph,Male,31,D002,Financial Analyst,B.Tech,Pune,Maharashtra,2023-03-01,3,31-40
EMP00374,Arjun Rao,Female,43,D005,SEO Specialist,B.Sc,Coimbatore,Tamil Nadu,2020-08-05,6,41-50
EMP00375,Aarav Mohan,Male,57,D005,Marketing Executive,B.Sc,Bengaluru,Karnataka,2023-10-26,3,51-60
EMP00376,Vivaan Kumar,Female,45,D003,SQL Developer,B.Sc,Mumbai,Maharashtra,2019-03-14,7,41-50
EMP00377,Vivaan Gupta,Female,30,D006,Operations Executive,MCA,Kochi,Kerala,2023-11-08,3,21-30
EMP00378,Sneha Iyer,Male,53,D001,Recruiter,MBA,Chennai,Tamil Nadu,2021-09-05,5,51-60
EMP00379,Harini Das,Female,50,D002,Accountant,MBA,Hyderabad,Telangana,2024-06-20,2,41-50
EMP00380,Rahul Kumar,Female,49,D001,Recruiter,M.Sc,Kochi,Kerala,2021-04-19,5,41-50
EMP00381,Nikhil Gupta,Female,22,D001,Recruiter,MBA,Pune,Maharashtra,2020-01-21,6,21-30
EMP00382,Vignesh Bose,Female,39,D002,Accountant,B.Tech,Mumbai,Maharashtra,2022-06-16,4,31-40
EMP00383,Arjun Iyer,Female,43,D005,Marketing Executive,MCA,Coimbatore,Tamil Nadu,2019-11-05,7,41-50
EMP00384,Harini Gupta,Female,58,D002,Accountant,M.Sc,Pune,Maharashtra,2018-03-30,8,51-60
EMP00385,Riya Iyer,Male,39,D003,Software Engineer,MCA,Hyderabad,Telangana,2019-08-01,7,31-40
EMP00386,Vivaan Singh,Male,30,D002,Financial Analyst,MCA,Coimbatore,Tamil Nadu,2023-08-30,3,21-30
EMP00387,Harini Nair,Female,58,D005,Marketing Executive,MBA,Coimbatore,Tamil Nadu,2019-03-28,7,51-60
EMP00388,Arjun Bose,Female,41,D004,Sales Executive,M.Sc,Kochi,Kerala,2021-04-27,5,41-50
EMP00389,Keerthi Nair,Male,22,D004,Sales Manager,B.Sc,Pune,Maharashtra,2018-09-08,8,21-30
EMP00390,Ananya Nair,Male,51,D001,HR Executive,B.Sc,Chennai,Tamil Nadu,2017-05-29,9,51-60
EMP00391,Akash Reddy,Female,28,D001,Recruiter,MBA,Mumbai,Maharashtra,2023-02-21,3,21-30
EMP00392,Keerthi Rao,Male,30,D005,Marketing Executive,M.Sc,Bengaluru,Karnataka,2022-06-27,4,21-30
EMP00393,Arjun Mohan,Male,48,D004,Sales Manager,B.Tech,Pune,Maharashtra,2019-05-20,7,41-50
EMP00394,Nikhil Bose,Male,42,D001,Recruiter,M.Sc,Chennai,Tamil Nadu,2017-10-17,9,41-50
EMP00395,Sneha Patel,Female,41,D006,Supervisor,M.Sc,Pune,Maharashtra,2017-10-07,9,41-50
EMP00396,Vivaan Das,Female,47,D006,Operations Executive,B.Sc,Mumbai,Maharashtra,2024-10-11,2,41-50
EMP00397,Sanjay Singh,Female,50,D006,Operations Executive,M.Sc,Coimbatore,Tamil Nadu,2017-12-23,9,41-50
EMP00398,Diya Singh,Male,44,D002,Financial Analyst,B.Sc,Pune,Maharashtra,2022-02-22,4,41-50
EMP00399,Priya Iyer,Male,26,D005,SEO Specialist,MBA,Coimbatore,Tamil Nadu,2021-04-19,5,21-30
EMP00400,Vignesh Kumar,Female,57,D003,SQL Developer,MCA,Chennai,Tamil Nadu,2021-11-01,5,51-60
EMP00401,Riya Patel,Male,43,D006,Supervisor,MBA,Bengaluru,Karnataka,2023-09-12,3,41-50
EMP00402,Diya Singh,Female,58,D001,HR Executive,MCA,Coimbatore,Tamil Nadu,2022-08-26,4,51-60
EMP00403,Diya Bose,Female,25,D004,Sales Executive,M.Sc,Pune,Maharashtra,2019-07-15,7,21-30
EMP00404,Keerthi Menon,Male,27,D005,SEO Specialist,MCA,Kochi,Kerala,2024-01-12,2,21-30
EMP00405,Daniel Reddy,Female,44,D006,Operations Executive,M.Sc,Bengaluru,Karnataka,2023-12-28,3,41-50
EMP00406,Vivaan Kumar,Female,33,D006,Supervisor,M.Sc,Kochi,Kerala,2023-08-28,3,31-40
EMP00407,Karthik Gupta,Male,28,D005,SEO Specialist,MCA,Bengaluru,Karnataka,2024-07-15,2,21-30
EMP00408,Sanjay Reddy,Male,36,D001,Recruiter,MBA,Kochi,Kerala,2019-11-10,7,31-40
EMP00409,Aditya Sharma,Male,42,D005,SEO Specialist,B.Sc,Mumbai,Maharashtra,2023-12-27,3,41-50
EMP00410,Diya Mohan,Male,56,D001,HR Executive,M.Sc,Bengaluru,Karnataka,2017-06-16,9,51-60
EMP00411,Vignesh Menon,Female,43,D006,Supervisor,M.Sc,Chennai,Tamil Nadu,2017-08-19,9,41-50
EMP00412,Aditya Rao,Female,47,D003,Software Engineer,M.Sc,Bengaluru,Karnataka,2022-06-25,4,41-50
EMP00413,Riya Verma,Male,40,D006,Operations Executive,MCA,Kochi,Kerala,2023-08-09,3,31-40
EMP00414,Diya Menon,Female,43,D006,Supervisor,B.Tech,Bengaluru,Karnataka,2018-10-04,8,41-50
EMP00415,Rahul Reddy,Male,30,D002,Accountant,M.Sc,Kochi,Kerala,2021-03-09,5,21-30
EMP00416,Varun Iyer,Female,32,D006,Operations Executive,MCA,Kochi,Kerala,2018-06-26,8,31-40
EMP00417,Karthik Nair,Male,35,D004,Sales Manager,MCA,Kochi,Kerala,2020-12-09,6,31-40
EMP00418,Sneha Das,Female,22,D006,Supervisor,MBA,Hyderabad,Telangana,2018-03-19,8,21-30
EMP00419,Rahul Kumar,Female,26,D001,Recruiter,MBA,Bengaluru,Karnataka,2019-07-06,7,21-30
EMP00420,Keerthi Iyer,Male,50,D006,Operations Executive,M.Sc,Hyderabad,Telangana,2020-08-07,6,41-50
EMP00421,Sanjay Gupta,Male,49,D004,Sales Executive,B.Tech,Chennai,Tamil Nadu,2020-09-30,6,41-50
EMP00422,Aarav Iyer,Male,25,D002,Financial Analyst,B.Sc,Pune,Maharashtra,2017-06-12,9,21-30
EMP00423,Nikhil Reddy,Male,33,D005,SEO Specialist,B.Tech,Coimbatore,Tamil Nadu,2019-03-07,7,31-40
EMP00424,Aarav Iyer,Female,53,D004,Sales Executive,MBA,Kochi,Kerala,2024-07-27,2,51-60
EMP00425,Priya Reddy,Male,56,D006,Supervisor,M.Sc,Bengaluru,Karnataka,2021-07-14,5,51-60
EMP00426,Diya Verma,Male,28,D002,Financial Analyst,MBA,Hyderabad,Telangana,2021-08-11,5,21-30
EMP00427,Priya Nair,Female,33,D001,Recruiter,MCA,Mumbai,Maharashtra,2019-08-15,7,31-40
EMP00428,Rahul Sharma,Male,50,D002,Financial Analyst,MBA,Coimbatore,Tamil Nadu,2019-04-14,7,41-50
EMP00429,Varun Rao,Female,48,D002,Accountant,MBA,Mumbai,Maharashtra,2021-09-22,5,41-50
EMP00430,Keerthi Singh,Female,41,D001,Recruiter,MBA,Bengaluru,Karnataka,2024-05-22,2,41-50
EMP00431,Aarav Reddy,Male,48,D002,Financial Analyst,MCA,Kochi,Kerala,2021-05-13,5,41-50
EMP00432,Aditya Singh,Male,45,D004,Sales Executive,MBA,Mumbai,Maharashtra,2025-01-21,1,41-50
EMP00433,Arjun Gupta,Male,44,D005,Marketing Executive,B.Tech,Hyderabad,Telangana,2018-04-06,8,41-50
EMP00434,Vignesh Das,Male,27,D006,Operations Executive,B.Tech,Bengaluru,Karnataka,2023-08-28,3,21-30
EMP00435,Keerthi Iyer,Male,44,D001,HR Executive,B.Sc,Chennai,Tamil Nadu,2023-08-18,3,41-50
EMP00436,Ananya Reddy,Male,55,D003,Data Analyst,MBA,Pune,Maharashtra,2024-08-20,2,51-60
EMP00437,Keerthi Patel,Male,55,D002,Financial Analyst,B.Tech,Chennai,Tamil Nadu,2017-10-05,9,51-60
EMP00438,Nikhil Verma,Female,48,D005,Marketing Executive,MCA,Coimbatore,Tamil Nadu,2020-04-13,6,41-50
EMP00439,Riya Patel,Male,41,D005,SEO Specialist,MBA,Coimbatore,Tamil Nadu,2018-04-05,8,41-50
EMP00440,Karthik Singh,Male,46,D004,Sales Executive,B.Tech,Mumbai,Maharashtra,2018-10-02,8,41-50
EMP00441,Arjun Menon,Male,28,D001,HR Executive,M.Sc,Pune,Maharashtra,2019-07-23,7,21-30
EMP00442,Priya Rao,Female,41,D001,Recruiter,M.Sc,Coimbatore,Tamil Nadu,2020-10-25,6,41-50
EMP00443,Rahul Menon,Male,33,D003,Data Analyst,M.Sc,Hyderabad,Telangana,2019-05-29,7,31-40
EMP00444,Ananya Verma,Male,33,D002,Accountant,M.Sc,Mumbai,Maharashtra,2019-11-01,7,31-40
EMP00445,Nikhil Joseph,Female,36,D001,Recruiter,B.Sc,Chennai,Tamil Nadu,2019-07-19,7,31-40
EMP00446,Nikhil Singh,Male,57,D001,Recruiter,M.Sc,Bengaluru,Karnataka,2021-07-13,5,51-60
EMP00447,Vignesh Das,Male,42,D002,Accountant,MBA,Coimbatore,Tamil Nadu,2022-06-29,4,41-50
EMP00448,Aarav Rao,Male,51,D004,Sales Executive,MCA,Coimbatore,Tamil Nadu,2025-01-24,1,51-60
EMP00449,Diya Nair,Male,26,D006,Supervisor,MBA,Mumbai,Maharashtra,2017-10-14,9,21-30
EMP00450,Vignesh Singh,Male,27,D001,Recruiter,B.Tech,Pune,Maharashtra,2022-11-27,4,21-30
EMP00451,Vivaan Das,Male,22,D002,Accountant,MBA,Coimbatore,Tamil Nadu,2022-06-03,4,21-30
EMP00452,Daniel Nair,Male,48,D003,Software Engineer,B.Sc,Chennai,Tamil Nadu,2018-01-07,8,41-50
EMP00453,Keerthi Menon,Male,39,D001,Recruiter,MBA,Hyderabad,Telangana,2023-07-16,3,31-40
EMP00454,Aarav Iyer,Female,32,D006,Supervisor,M.Sc,Hyderabad,Telangana,2020-05-16,6,31-40
EMP00455,Diya Kumar,Male,22,D005,SEO Specialist,B.Sc,Hyderabad,Telangana,2019-10-03,7,21-30
EMP00456,Keerthi Patel,Female,31,D003,Data Analyst,M.Sc,Kochi,Kerala,2020-04-23,6,31-40
EMP00457,Diya Gupta,Female,34,D004,Sales Manager,MCA,Coimbatore,Tamil Nadu,2019-11-26,7,31-40
EMP00458,Varun Gupta,Male,32,D001,Recruiter,MCA,Pune,Maharashtra,2017-05-30,9,31-40
EMP00459,Akash Verma,Female,37,D003,Software Engineer,M.Sc,Coimbatore,Tamil Nadu,2023-10-29,3,31-40
EMP00460,Vignesh Reddy,Male,31,D004,Sales Executive,B.Tech,Bengaluru,Karnataka,2024-09-06,2,31-40
EMP00461,Rahul Rao,Female,57,D002,Financial Analyst,MCA,Mumbai,Maharashtra,2021-12-04,5,51-60
EMP00462,Meera Rao,Male,38,D001,Recruiter,MBA,Hyderabad,Telangana,2023-05-24,3,31-40
EMP00463,Aarav Patel,Female,28,D004,Sales Manager,M.Sc,Kochi,Kerala,2021-12-02,5,21-30
EMP00464,Diya Sharma,Male,36,D006,Operations Executive,B.Sc,Kochi,Kerala,2018-10-05,8,31-40
EMP00465,Keerthi Rao,Male,56,D004,Sales Manager,B.Sc,Bengaluru,Karnataka,2024-09-22,2,51-60
EMP00466,Keerthi Nair,Male,23,D004,Sales Executive,MBA,Hyderabad,Telangana,2024-06-27,2,21-30
EMP00467,Diya Mohan,Male,22,D005,Marketing Executive,B.Tech,Coimbatore,Tamil Nadu,2024-09-07,2,21-30
EMP00468,Vignesh Patel,Female,35,D006,Operations Executive,M.Sc,Chennai,Tamil Nadu,2024-02-15,2,31-40
EMP00469,Diya Nair,Female,41,D004,Sales Executive,M.Sc,Coimbatore,Tamil Nadu,2017-02-16,9,41-50
EMP00470,Ananya Nair,Male,37,D005,Marketing Executive,MCA,Hyderabad,Telangana,2017-07-24,9,31-40
EMP00471,Riya Gupta,Female,25,D006,Supervisor,B.Tech,Kochi,Kerala,2019-07-13,7,21-30
EMP00472,Aarav Mohan,Male,45,D003,Data Analyst,M.Sc,Coimbatore,Tamil Nadu,2017-01-10,9,41-50
EMP00473,Ananya Kumar,Female,50,D003,Software Engineer,B.Tech,Hyderabad,Telangana,2022-03-30,4,41-50
EMP00474,Vivaan Sharma,Male,28,D001,HR Executive,M.Sc,Bengaluru,Karnataka,2024-04-29,2,21-30
EMP00475,Ananya Iyer,Male,47,D004,Sales Executive,M.Sc,Mumbai,Maharashtra,2018-05-01,8,41-50
EMP00476,Karthik Bose,Male,48,D003,Data Analyst,MCA,Kochi,Kerala,2019-07-07,7,41-50
EMP00477,Vivaan Singh,Female,42,D001,HR Executive,M.Sc,Chennai,Tamil Nadu,2018-01-21,8,41-50
EMP00478,Ananya Mohan,Female,23,D003,Data Analyst,B.Sc,Pune,Maharashtra,2017-01-13,9,21-30
EMP00479,Rahul Gupta,Male,40,D006,Operations Executive,M.Sc,Pune,Maharashtra,2017-07-21,9,31-40
EMP00480,Karthik Nair,Male,32,D002,Financial Analyst,MCA,Kochi,Kerala,2019-11-22,7,31-40
EMP00481,Meera Rao,Female,27,D004,Sales Manager,MCA,Chennai,Tamil Nadu,2018-03-16,8,21-30
EMP00482,Rahul Rao,Male,26,D005,SEO Specialist,B.Tech,Kochi,Kerala,2024-08-29,2,21-30
EMP00483,Priya Singh,Male,52,D001,Recruiter,MCA,Hyderabad,Telangana,2018-02-13,8,51-60
EMP00484,Rahul Kumar,Male,43,D003,SQL Developer,MBA,Chennai,Tamil Nadu,2021-01-26,5,41-50
EMP00485,Aditya Bose,Male,36,D002,Accountant,MCA,Hyderabad,Telangana,2024-07-23,2,31-40
EMP00486,Akash Sharma,Female,31,D002,Financial Analyst,MCA,Coimbatore,Tamil Nadu,2021-10-18,5,31-40
EMP00487,Aarav Iyer,Male,44,D003,Software Engineer,B.Tech,Hyderabad,Telangana,2019-06-21,7,41-50
EMP00488,Sanjay Reddy,Female,53,D001,HR Executive,B.Sc,Chennai,Tamil Nadu,2019-06-25,7,51-60
EMP00489,Aditya Singh,Male,46,D002,Financial Analyst,MBA,Coimbatore,Tamil Nadu,2021-12-13,5,41-50
EMP00490,Ananya Gupta,Male,40,D005,Marketing Executive,B.Tech,Hyderabad,Telangana,2019-11-10,7,31-40
EMP00491,Aditya Nair,Male,54,D003,Data Analyst,B.Tech,Hyderabad,Telangana,2017-03-24,9,51-60
EMP00492,Meera Kumar,Male,27,D002,Accountant,MCA,Chennai,Tamil Nadu,2022-04-26,4,21-30
EMP00493,Ananya Iyer,Male,41,D006,Operations Executive,MBA,Bengaluru,Karnataka,2020-06-26,6,41-50
EMP00494,Diya Sharma,Male,49,D004,Sales Manager,B.Sc,Chennai,Tamil Nadu,2018-11-15,8,41-50
EMP00495,Nikhil Patel,Male,26,D003,Data Analyst,M.Sc,Mumbai,Maharashtra,2024-02-03,2,21-30
EMP00496,Keerthi Sharma,Female,35,D004,Sales Executive,B.Tech,Coimbatore,Tamil Nadu,2017-05-21,9,31-40
EMP00497,Ananya Rao,Female,43,D002,Financial Analyst,MBA,Pune,Maharashtra,2022-03-25,4,41-50
EMP00498,Arjun Singh,Male,28,D004,Sales Manager,MBA,Hyderabad,Telangana,2018-01-06,8,21-30
EMP00499,Arjun Patel,Female,31,D001,Recruiter,B.Sc,Pune,Maharashtra,2022-02-18,4,31-40
EMP00500,Diya Sharma,Female,40,D001,Recruiter,M.Sc,Mumbai,Maharashtra,2021-04-03,5,31-40
EMP00501,Vignesh Patel,Male,38,D003,Data Analyst,M.Sc,Coimbatore,Tamil Nadu,2022-02-01,4,31-40
EMP00502,Keerthi Menon,Female,52,D006,Supervisor,M.Sc,Kochi,Kerala,2021-04-12,5,51-60
EMP00503,Rahul Nair,Male,48,D003,SQL Developer,B.Sc,Pune,Maharashtra,2019-06-05,7,41-50
EMP00504,Keerthi Joseph,Male,41,D004,Sales Executive,B.Sc,Bengaluru,Karnataka,2023-09-15,3,41-50
EMP00505,Nikhil Joseph,Male,53,D004,Sales Executive,B.Sc,Coimbatore,Tamil Nadu,2021-02-17,5,51-60
EMP00506,Sanjay Singh,Male,26,D003,Software Engineer,M.Sc,Kochi,Kerala,2024-01-25,2,21-30
EMP00507,Priya Gupta,Male,46,D002,Financial Analyst,M.Sc,Bengaluru,Karnataka,2018-07-16,8,41-50
EMP00508,Harini Bose,Female,50,D001,Recruiter,B.Tech,Chennai,Tamil Nadu,2019-11-01,7,41-50
EMP00509,Riya Patel,Female,42,D004,Sales Executive,MCA,Hyderabad,Telangana,2023-11-23,3,41-50
EMP00510,Riya Mohan,Male,27,D005,SEO Specialist,MCA,Mumbai,Maharashtra,2022-03-18,4,21-30
EMP00511,Vivaan Gupta,Male,24,D001,Recruiter,B.Tech,Pune,Maharashtra,2021-04-28,5,21-30
EMP00512,Vignesh Sharma,Male,26,D004,Sales Manager,MCA,Chennai,Tamil Nadu,2018-01-23,8,21-30
EMP00513,Karthik Kumar,Female,55,D004,Sales Manager,MCA,Bengaluru,Karnataka,2022-02-20,4,51-60
EMP00514,Sneha Kumar,Male,36,D006,Operations Executive,M.Sc,Mumbai,Maharashtra,2024-03-07,2,31-40
EMP00515,Daniel Bose,Female,41,D003,Data Analyst,MCA,Mumbai,Maharashtra,2020-03-15,6,41-50
EMP00516,Ananya Das,Male,46,D004,Sales Manager,B.Sc,Bengaluru,Karnataka,2025-02-16,1,41-50
EMP00517,Priya Mohan,Male,29,D001,Recruiter,B.Tech,Chennai,Tamil Nadu,2017-09-19,9,21-30
EMP00518,Aarav Rao,Male,39,D006,Supervisor,M.Sc,Hyderabad,Telangana,2021-09-22,5,31-40
EMP00519,Aarav Singh,Male,29,D002,Financial Analyst,B.Tech,Chennai,Tamil Nadu,2018-06-19,8,21-30
EMP00520,Aarav Mohan,Male,26,D001,HR Executive,M.Sc,Pune,Maharashtra,2021-10-09,5,21-30
EMP00521,Ananya Menon,Male,23,D003,SQL Developer,MBA,Chennai,Tamil Nadu,2020-01-27,6,21-30
EMP00522,Riya Sharma,Male,55,D002,Financial Analyst,B.Sc,Mumbai,Maharashtra,2021-06-09,5,51-60
EMP00523,Meera Sharma,Female,56,D004,Sales Executive,MCA,Pune,Maharashtra,2020-10-18,6,51-60
EMP00524,Varun Iyer,Male,34,D006,Supervisor,B.Tech,Chennai,Tamil Nadu,2022-04-24,4,31-40
EMP00525,Sanjay Iyer,Male,37,D003,Software Engineer,MCA,Mumbai,Maharashtra,2017-02-10,9,31-40
EMP00526,Aditya Singh,Female,39,D002,Financial Analyst,MCA,Kochi,Kerala,2024-03-04,2,31-40
EMP00527,Arjun Singh,Male,52,D006,Operations Executive,B.Tech,Hyderabad,Telangana,2020-10-04,6,51-60
EMP00528,Meera Das,Male,29,D005,Marketing Executive,MBA,Hyderabad,Telangana,2018-01-09,8,21-30
EMP00529,Harini Mohan,Female,49,D005,Marketing Executive,B.Sc,Mumbai,Maharashtra,2018-02-21,8,41-50
EMP00530,Karthik Sharma,Male,25,D006,Supervisor,MBA,Coimbatore,Tamil Nadu,2021-02-10,5,21-30
EMP00531,Riya Patel,Male,37,D005,Marketing Executive,M.Sc,Hyderabad,Telangana,2020-12-26,6,31-40
EMP00532,Harini Sharma,Female,38,D002,Accountant,M.Sc,Coimbatore,Tamil Nadu,2021-09-08,5,31-40
EMP00533,Vignesh Das,Male,48,D004,Sales Manager,MBA,Bengaluru,Karnataka,2024-01-12,2,41-50
EMP00534,Arjun Sharma,Male,25,D003,Data Analyst,B.Sc,Kochi,Kerala,2017-06-16,9,21-30
EMP00535,Aditya Menon,Male,38,D001,HR Executive,MBA,Kochi,Kerala,2020-08-25,6,31-40
EMP00536,Karthik Bose,Female,29,D003,Data Analyst,MBA,Kochi,Kerala,2021-01-17,5,21-30
EMP00537,Diya Rao,Male,51,D002,Financial Analyst,B.Tech,Mumbai,Maharashtra,2021-05-08,5,51-60
EMP00538,Nikhil Reddy,Female,45,D002,Accountant,B.Tech,Pune,Maharashtra,2023-01-09,3,41-50
EMP00539,Vignesh Rao,Male,35,D001,Recruiter,B.Sc,Pune,Maharashtra,2017-12-24,9,31-40
EMP00540,Varun Iyer,Female,54,D004,Sales Manager,B.Sc,Pune,Maharashtra,2025-03-20,1,51-60
EMP00541,Meera Patel,Male,47,D006,Supervisor,B.Tech,Mumbai,Maharashtra,2021-12-05,5,41-50
EMP00542,Meera Kumar,Male,43,D005,SEO Specialist,B.Sc,Chennai,Tamil Nadu,2017-09-12,9,41-50
EMP00543,Akash Patel,Male,49,D005,Marketing Executive,MCA,Coimbatore,Tamil Nadu,2018-05-10,8,41-50
EMP00544,Sanjay Joseph,Female,31,D004,Sales Executive,B.Tech,Chennai,Tamil Nadu,2023-11-13,3,31-40
EMP00545,Arjun Joseph,Female,50,D004,Sales Manager,B.Tech,Hyderabad,Telangana,2023-10-28,3,41-50
EMP00546,Keerthi Rao,Male,28,D002,Accountant,M.Sc,Chennai,Tamil Nadu,2018-03-11,8,21-30
EMP00547,Rahul Patel,Female,36,D005,Marketing Executive,M.Sc,Pune,Maharashtra,2024-06-27,2,31-40
EMP00548,Harini Menon,Female,22,D002,Financial Analyst,MCA,Coimbatore,Tamil Nadu,2022-09-19,4,21-30
EMP00549,Daniel Das,Female,32,D005,Marketing Executive,MCA,Pune,Maharashtra,2018-03-08,8,31-40
EMP00550,Sneha Das,Male,54,D005,SEO Specialist,M.Sc,Kochi,Kerala,2023-07-13,3,51-60
EMP00551,Sneha Gupta,Male,40,D003,Data Analyst,B.Tech,Mumbai,Maharashtra,2020-06-15,6,31-40
EMP00552,Keerthi Kumar,Female,34,D006,Operations Executive,MCA,Bengaluru,Karnataka,2022-04-12,4,31-40
EMP00553,Varun Iyer,Female,45,D003,Software Engineer,MCA,Hyderabad,Telangana,2017-04-28,9,41-50
EMP00554,Aarav Nair,Female,30,D006,Operations Executive,MBA,Pune,Maharashtra,2022-01-31,4,21-30
EMP00555,Daniel Kumar,Male,52,D003,SQL Developer,MBA,Mumbai,Maharashtra,2022-02-02,4,51-60
EMP00556,Keerthi Singh,Female,22,D003,SQL Developer,M.Sc,Bengaluru,Karnataka,2023-10-07,3,21-30
EMP00557,Riya Reddy,Male,48,D004,Sales Manager,B.Sc,Coimbatore,Tamil Nadu,2020-01-12,6,41-50
EMP00558,Varun Nair,Male,38,D005,SEO Specialist,MCA,Coimbatore,Tamil Nadu,2019-10-13,7,31-40
EMP00559,Sneha Singh,Female,45,D004,Sales Manager,MBA,Mumbai,Maharashtra,2024-11-23,2,41-50
EMP00560,Daniel Rao,Female,22,D005,Marketing Executive,B.Tech,Coimbatore,Tamil Nadu,2023-06-05,3,21-30
EMP00561,Harini Iyer,Male,48,D001,Recruiter,M.Sc,Kochi,Kerala,2023-12-13,3,41-50
EMP00562,Aditya Bose,Male,48,D005,SEO Specialist,M.Sc,Pune,Maharashtra,2017-10-31,9,41-50
EMP00563,Rahul Mohan,Male,32,D001,HR Executive,M.Sc,Pune,Maharashtra,2019-02-16,7,31-40
EMP00564,Karthik Mohan,Male,52,D001,HR Executive,MBA,Hyderabad,Telangana,2024-07-19,2,51-60
EMP00565,Vivaan Iyer,Male,58,D001,HR Executive,MBA,Hyderabad,Telangana,2017-09-05,9,51-60
EMP00566,Sneha Kumar,Female,34,D002,Financial Analyst,M.Sc,Kochi,Kerala,2024-12-14,2,31-40
EMP00567,Sneha Sharma,Female,57,D002,Financial Analyst,B.Tech,Pune,Maharashtra,2019-08-22,7,51-60
EMP00568,Priya Joseph,Female,46,D006,Supervisor,B.Tech,Bengaluru,Karnataka,2018-10-06,8,41-50
EMP00569,Harini Verma,Female,24,D005,Marketing Executive,MCA,Pune,Maharashtra,2024-05-27,2,21-30
EMP00570,Priya Das,Female,34,D003,SQL Developer,M.Sc,Hyderabad,Telangana,2022-11-11,4,31-40
EMP00571,Vivaan Bose,Female,50,D006,Operations Executive,B.Sc,Bengaluru,Karnataka,2019-01-19,7,41-50
EMP00572,Vivaan Joseph,Male,44,D006,Operations Executive,MCA,Pune,Maharashtra,2020-12-30,6,41-50
EMP00573,Ananya Singh,Male,28,D001,Recruiter,B.Tech,Hyderabad,Telangana,2025-03-16,1,21-30
EMP00574,Akash Das,Female,27,D003,Software Engineer,B.Tech,Pune,Maharashtra,2023-08-01,3,21-30
EMP00575,Varun Singh,Male,55,D004,Sales Manager,M.Sc,Chennai,Tamil Nadu,2019-02-14,7,51-60
EMP00576,Aditya Gupta,Female,38,D004,Sales Executive,B.Sc,Hyderabad,Telangana,2024-12-11,2,31-40
EMP00577,Karthik Sharma,Female,31,D002,Accountant,MBA,Coimbatore,Tamil Nadu,2021-01-24,5,31-40
EMP00578,Vivaan Mohan,Male,23,D003,Software Engineer,MBA,Hyderabad,Telangana,2020-01-06,6,21-30
EMP00579,Akash Menon,Male,23,D003,Software Engineer,MBA,Hyderabad,Telangana,2021-11-29,5,21-30
EMP00580,Aarav Iyer,Male,42,D003,Software Engineer,B.Sc,Hyderabad,Telangana,2021-05-28,5,41-50
EMP00581,Priya Mohan,Male,39,D006,Supervisor,MCA,Chennai,Tamil Nadu,2024-03-09,2,31-40
EMP00582,Akash Kumar,Male,34,D002,Accountant,MCA,Pune,Maharashtra,2022-08-12,4,31-40
EMP00583,Daniel Menon,Female,35,D004,Sales Executive,MCA,Hyderabad,Telangana,2021-09-15,5,31-40
EMP00584,Sneha Nair,Female,56,D004,Sales Manager,MCA,Coimbatore,Tamil Nadu,2024-03-13,2,51-60
EMP00585,Priya Reddy,Male,54,D004,Sales Manager,MCA,Bengaluru,Karnataka,2023-03-02,3,51-60
EMP00586,Aarav Singh,Male,33,D003,SQL Developer,MBA,Coimbatore,Tamil Nadu,2017-02-18,9,31-40
EMP00587,Vignesh Rao,Female,43,D001,Recruiter,B.Sc,Coimbatore,Tamil Nadu,2024-04-06,2,41-50
EMP00588,Karthik Patel,Male,49,D003,SQL Developer,MCA,Hyderabad,Telangana,2018-07-09,8,41-50
EMP00589,Akash Reddy,Female,45,D001,HR Executive,MCA,Kochi,Kerala,2020-06-30,6,41-50
EMP00590,Karthik Patel,Male,45,D005,Marketing Executive,B.Sc,Chennai,Tamil Nadu,2017-09-06,9,41-50
EMP00591,Vignesh Rao,Female,50,D001,HR Executive,M.Sc,Coimbatore,Tamil Nadu,2024-10-10,2,41-50
EMP00592,Priya Joseph,Male,35,D001,Recruiter,MBA,Chennai,Tamil Nadu,2020-10-05,6,31-40
EMP00593,Nikhil Nair,Female,25,D006,Operations Executive,B.Tech,Kochi,Kerala,2018-11-29,8,21-30
EMP00594,Sanjay Nair,Female,23,D006,Supervisor,MBA,Pune,Maharashtra,2018-11-19,8,21-30
EMP00595,Sanjay Patel,Male,50,D003,SQL Developer,MBA,Hyderabad,Telangana,2020-11-28,6,41-50
EMP00596,Aarav Das,Female,29,D006,Supervisor,M.Sc,Bengaluru,Karnataka,2024-04-26,2,21-30
EMP00597,Vivaan Sharma,Male,43,D004,Sales Manager,MBA,Chennai,Tamil Nadu,2018-02-06,8,41-50
EMP00598,Akash Sharma,Female,25,D001,Recruiter,MBA,Pune,Maharashtra,2019-06-22,7,21-30
EMP00599,Arjun Joseph,Male,24,D002,Accountant,B.Sc,Bengaluru,Karnataka,2024-08-17,2,21-30
EMP00600,Riya Reddy,Male,39,D005,Marketing Executive,M.Sc,Chennai,Tamil Nadu,2017-05-01,9,31-40
EMP00601,Vivaan Bose,Male,25,D005,SEO Specialist,M.Sc,Hyderabad,Telangana,2022-09-26,4,21-30
EMP00602,Harini Nair,Male,27,D004,Sales Manager,MCA,Chennai,Tamil Nadu,2020-11-01,6,21-30
EMP00603,Keerthi Singh,Female,36,D006,Operations Executive,M.Sc,Hyderabad,Telangana,2017-06-19,9,31-40
EMP00604,Diya Iyer,Male,46,D006,Supervisor,B.Sc,Hyderabad,Telangana,2023-03-14,3,41-50
EMP00605,Varun Iyer,Female,51,D003,SQL Developer,B.Tech,Chennai,Tamil Nadu,2019-09-18,7,51-60
EMP00606,Ananya Verma,Female,47,D002,Accountant,M.Sc,Hyderabad,Telangana,2022-10-27,4,41-50
EMP00607,Karthik Joseph,Male,36,D006,Supervisor,MBA,Mumbai,Maharashtra,2023-01-24,3,31-40
EMP00608,Varun Bose,Male,40,D005,SEO Specialist,M.Sc,Chennai,Tamil Nadu,2021-02-21,5,31-40
EMP00609,Riya Das,Male,29,D002,Financial Analyst,MBA,Hyderabad,Telangana,2017-08-13,9,21-30
EMP00610,Vivaan Bose,Female,22,D002,Financial Analyst,B.Sc,Chennai,Tamil Nadu,2021-09-27,5,21-30
EMP00611,Diya Kumar,Male,54,D004,Sales Manager,B.Sc,Hyderabad,Telangana,2018-02-14,8,51-60
EMP00612,Aditya Mohan,Male,25,D006,Operations Executive,MBA,Pune,Maharashtra,2019-03-04,7,21-30
EMP00613,Vignesh Bose,Female,43,D001,HR Executive,M.Sc,Bengaluru,Karnataka,2021-11-19,5,41-50
EMP00614,Meera Gupta,Male,31,D003,SQL Developer,MCA,Chennai,Tamil Nadu,2018-12-08,8,31-40
EMP00615,Meera Mohan,Male,48,D003,Software Engineer,B.Tech,Hyderabad,Telangana,2019-05-06,7,41-50
EMP00616,Aditya Singh,Male,38,D004,Sales Executive,B.Sc,Hyderabad,Telangana,2018-11-07,8,31-40
EMP00617,Aditya Das,Female,55,D002,Accountant,MBA,Kochi,Kerala,2021-06-30,5,51-60
EMP00618,Diya Rao,Male,33,D002,Financial Analyst,B.Sc,Pune,Maharashtra,2018-07-15,8,31-40
EMP00619,Vignesh Patel,Male,32,D003,Data Analyst,B.Tech,Pune,Maharashtra,2017-01-20,9,31-40
EMP00620,Karthik Nair,Female,33,D003,Software Engineer,B.Sc,Pune,Maharashtra,2023-01-21,3,31-40
EMP00621,Varun Joseph,Female,31,D006,Operations Executive,MBA,Chennai,Tamil Nadu,2017-04-23,9,31-40
EMP00622,Diya Kumar,Female,50,D003,Data Analyst,B.Tech,Coimbatore,Tamil Nadu,2019-09-01,7,41-50
EMP00623,Karthik Iyer,Female,28,D006,Operations Executive,B.Tech,Hyderabad,Telangana,2024-10-26,2,21-30
EMP00624,Vignesh Verma,Male,22,D004,Sales Manager,M.Sc,Bengaluru,Karnataka,2021-06-04,5,21-30
EMP00625,Priya Verma,Male,38,D002,Financial Analyst,MBA,Mumbai,Maharashtra,2017-11-22,9,31-40
EMP00626,Aarav Patel,Male,45,D006,Supervisor,MCA,Chennai,Tamil Nadu,2021-05-14,5,41-50
EMP00627,Diya Verma,Male,40,D004,Sales Manager,MCA,Pune,Maharashtra,2025-02-15,1,31-40
EMP00628,Harini Mohan,Male,54,D006,Operations Executive,B.Sc,Hyderabad,Telangana,2024-12-20,2,51-60
EMP00629,Aarav Das,Male,32,D004,Sales Manager,MBA,Hyderabad,Telangana,2018-06-03,8,31-40
EMP00630,Rahul Rao,Female,35,D004,Sales Manager,MBA,Mumbai,Maharashtra,2019-06-24,7,31-40
EMP00631,Karthik Iyer,Female,52,D004,Sales Executive,MCA,Mumbai,Maharashtra,2020-11-13,6,51-60
EMP00632,Keerthi Bose,Female,38,D003,Software Engineer,MCA,Bengaluru,Karnataka,2024-05-29,2,31-40
EMP00633,Priya Sharma,Female,25,D006,Operations Executive,B.Sc,Bengaluru,Karnataka,2023-03-25,3,21-30
EMP00634,Daniel Bose,Male,53,D004,Sales Manager,MCA,Kochi,Kerala,2024-12-18,2,51-60
EMP00635,Harini Patel,Male,34,D004,Sales Manager,MBA,Bengaluru,Karnataka,2021-11-08,5,31-40
EMP00636,Rahul Menon,Female,26,D003,Software Engineer,MBA,Mumbai,Maharashtra,2025-02-21,1,21-30
EMP00637,Aditya Sharma,Male,36,D005,Marketing Executive,MCA,Chennai,Tamil Nadu,2022-05-29,4,31-40
EMP00638,Ananya Bose,Female,55,D003,Software Engineer,MBA,Kochi,Kerala,2022-01-17,4,51-60
EMP00639,Priya Gupta,Female,29,D005,SEO Specialist,M.Sc,Chennai,Tamil Nadu,2023-11-24,3,21-30
EMP00640,Rahul Mohan,Male,29,D004,Sales Manager,MCA,Kochi,Kerala,2024-04-08,2,21-30
EMP00641,Karthik Das,Female,50,D005,Marketing Executive,B.Sc,Hyderabad,Telangana,2019-01-24,7,41-50
EMP00642,Sanjay Rao,Male,30,D005,Marketing Executive,B.Sc,Hyderabad,Telangana,2018-12-11,8,21-30
EMP00643,Rahul Kumar,Male,52,D004,Sales Manager,MBA,Mumbai,Maharashtra,2022-12-04,4,51-60
EMP00644,Vivaan Verma,Female,22,D001,Recruiter,M.Sc,Pune,Maharashtra,2022-10-30,4,21-30
EMP00645,Rahul Menon,Male,24,D003,Data Analyst,B.Sc,Chennai,Tamil Nadu,2020-04-08,6,21-30
EMP00646,Aditya Rao,Male,27,D001,Recruiter,B.Tech,Coimbatore,Tamil Nadu,2024-01-22,2,21-30
EMP00647,Daniel Bose,Female,22,D001,HR Executive,MBA,Hyderabad,Telangana,2020-11-18,6,21-30
EMP00648,Aditya Gupta,Female,53,D001,Recruiter,MCA,Chennai,Tamil Nadu,2022-12-03,4,51-60
EMP00649,Sneha Iyer,Male,56,D004,Sales Executive,B.Tech,Bengaluru,Karnataka,2023-12-22,3,51-60
EMP00650,Sneha Bose,Female,29,D002,Financial Analyst,B.Sc,Bengaluru,Karnataka,2020-04-15,6,21-30
EMP00651,Arjun Das,Male,31,D001,HR Executive,B.Sc,Bengaluru,Karnataka,2022-10-13,4,31-40
EMP00652,Keerthi Nair,Female,44,D003,Data Analyst,MCA,Mumbai,Maharashtra,2020-07-25,6,41-50
EMP00653,Aarav Mohan,Female,38,D005,SEO Specialist,MCA,Mumbai,Maharashtra,2020-05-02,6,31-40
EMP00654,Varun Nair,Male,37,D006,Operations Executive,B.Sc,Kochi,Kerala,2022-08-26,4,31-40
EMP00655,Harini Rao,Male,36,D005,SEO Specialist,M.Sc,Coimbatore,Tamil Nadu,2021-09-25,5,31-40
EMP00656,Varun Patel,Male,33,D004,Sales Executive,MCA,Kochi,Kerala,2018-09-01,8,31-40
EMP00657,Aarav Menon,Male,26,D006,Supervisor,M.Sc,Coimbatore,Tamil Nadu,2021-12-13,5,21-30
EMP00658,Harini Das,Female,53,D006,Operations Executive,MCA,Hyderabad,Telangana,2023-03-28,3,51-60
EMP00659,Meera Patel,Male,37,D004,Sales Executive,B.Sc,Pune,Maharashtra,2022-02-22,4,31-40
EMP00660,Harini Kumar,Female,54,D006,Operations Executive,B.Sc,Hyderabad,Telangana,2022-11-29,4,51-60
EMP00661,Sneha Menon,Female,56,D005,Marketing Executive,B.Tech,Mumbai,Maharashtra,2024-01-24,2,51-60
EMP00662,Keerthi Kumar,Female,44,D006,Supervisor,MBA,Pune,Maharashtra,2017-10-02,9,41-50
EMP00663,Vivaan Reddy,Female,27,D006,Supervisor,B.Sc,Mumbai,Maharashtra,2025-02-07,1,21-30
EMP00664,Daniel Das,Female,39,D001,Recruiter,B.Tech,Mumbai,Maharashtra,2025-02-10,1,31-40
EMP00665,Daniel Bose,Male,36,D003,SQL Developer,B.Sc,Chennai,Tamil Nadu,2023-04-23,3,31-40
EMP00666,Harini Reddy,Male,53,D002,Accountant,B.Sc,Kochi,Kerala,2019-10-29,7,51-60
EMP00667,Daniel Sharma,Female,25,D001,Recruiter,MCA,Pune,Maharashtra,2017-05-26,9,21-30
EMP00668,Sanjay Iyer,Female,26,D001,HR Executive,M.Sc,Bengaluru,Karnataka,2023-12-07,3,21-30
EMP00669,Riya Kumar,Female,56,D001,Recruiter,MCA,Coimbatore,Tamil Nadu,2021-09-15,5,51-60
EMP00670,Aarav Reddy,Male,23,D006,Supervisor,B.Sc,Bengaluru,Karnataka,2019-06-07,7,21-30
EMP00671,Daniel Mohan,Male,41,D001,HR Executive,B.Sc,Chennai,Tamil Nadu,2020-02-06,6,41-50
EMP00672,Varun Nair,Male,47,D005,Marketing Executive,B.Tech,Pune,Maharashtra,2022-07-04,4,41-50
EMP00673,Rahul Joseph,Male,46,D003,Data Analyst,MBA,Pune,Maharashtra,2023-06-11,3,41-50
EMP00674,Rahul Verma,Female,50,D002,Accountant,MCA,Pune,Maharashtra,2022-02-17,4,41-50
EMP00675,Aarav Das,Female,28,D002,Financial Analyst,B.Tech,Kochi,Kerala,2024-03-11,2,21-30
EMP00676,Ananya Rao,Male,22,D002,Financial Analyst,B.Sc,Hyderabad,Telangana,2018-12-14,8,21-30
EMP00677,Aarav Joseph,Male,50,D001,Recruiter,B.Sc,Mumbai,Maharashtra,2020-05-03,6,41-50
EMP00678,Sneha Sharma,Female,45,D001,HR Executive,B.Tech,Hyderabad,Telangana,2024-11-29,2,41-50
EMP00679,Aarav Gupta,Female,39,D002,Accountant,MBA,Bengaluru,Karnataka,2021-10-21,5,31-40
EMP00680,Diya Das,Male,24,D006,Supervisor,MBA,Coimbatore,Tamil Nadu,2017-02-05,9,21-30
EMP00681,Rahul Bose,Female,28,D002,Financial Analyst,M.Sc,Kochi,Kerala,2019-08-01,7,21-30
EMP00682,Vivaan Sharma,Male,34,D001,Recruiter,MCA,Chennai,Tamil Nadu,2021-08-23,5,31-40
EMP00683,Aarav Menon,Male,33,D001,Recruiter,MCA,Coimbatore,Tamil Nadu,2024-11-20,2,31-40
EMP00684,Arjun Joseph,Male,30,D002,Accountant,M.Sc,Bengaluru,Karnataka,2023-09-14,3,21-30
EMP00685,Nikhil Singh,Male,22,D002,Accountant,MCA,Mumbai,Maharashtra,2023-02-08,3,21-30
EMP00686,Vignesh Reddy,Female,55,D003,SQL Developer,MCA,Kochi,Kerala,2020-07-25,6,51-60
EMP00687,Keerthi Singh,Male,30,D004,Sales Manager,B.Sc,Kochi,Kerala,2018-03-02,8,21-30
EMP00688,Rahul Patel,Female,43,D002,Accountant,M.Sc,Chennai,Tamil Nadu,2022-04-07,4,41-50
EMP00689,Ananya Patel,Male,48,D006,Operations Executive,B.Sc,Mumbai,Maharashtra,2024-07-31,2,41-50
EMP00690,Nikhil Gupta,Female,33,D001,Recruiter,MBA,Kochi,Kerala,2023-11-05,3,31-40
EMP00691,Diya Joseph,Female,26,D001,HR Executive,MBA,Pune,Maharashtra,2021-11-04,5,21-30
EMP00692,Varun Das,Female,33,D004,Sales Manager,MCA,Mumbai,Maharashtra,2020-08-24,6,31-40
EMP00693,Harini Singh,Female,43,D001,HR Executive,MCA,Chennai,Tamil Nadu,2020-12-13,6,41-50
EMP00694,Karthik Menon,Female,22,D006,Supervisor,M.Sc,Pune,Maharashtra,2020-12-18,6,21-30
EMP00695,Aditya Singh,Male,42,D005,Marketing Executive,MBA,Chennai,Tamil Nadu,2023-04-03,3,41-50
EMP00696,Riya Patel,Male,25,D001,Recruiter,M.Sc,Hyderabad,Telangana,2023-09-20,3,21-30
EMP00697,Aarav Iyer,Male,27,D006,Operations Executive,B.Sc,Hyderabad,Telangana,2023-08-12,3,21-30
EMP00698,Arjun Nair,Female,54,D006,Supervisor,MBA,Kochi,Kerala,2022-09-21,4,51-60
EMP00699,Keerthi Reddy,Male,28,D006,Supervisor,B.Sc,Bengaluru,Karnataka,2022-12-30,4,21-30
EMP00700,Daniel Menon,Male,35,D005,Marketing Executive,MCA,Mumbai,Maharashtra,2019-10-25,7,31-40
EMP00701,Ananya Bose,Male,44,D001,HR Executive,MBA,Bengaluru,Karnataka,2018-11-23,8,41-50
EMP00702,Karthik Verma,Female,51,D004,Sales Executive,B.Sc,Pune,Maharashtra,2024-01-01,2,51-60
EMP00703,Karthik Kumar,Male,52,D005,SEO Specialist,B.Sc,Pune,Maharashtra,2023-12-19,3,51-60
EMP00704,Sneha Patel,Female,57,D001,HR Executive,B.Sc,Chennai,Tamil Nadu,2017-02-03,9,51-60
EMP00705,Varun Kumar,Female,29,D001,HR Executive,M.Sc,Chennai,Tamil Nadu,2017-10-14,9,21-30
EMP00706,Diya Kumar,Female,52,D005,SEO Specialist,MCA,Mumbai,Maharashtra,2021-08-09,5,51-60
EMP00707,Keerthi Reddy,Female,47,D003,Data Analyst,B.Tech,Mumbai,Maharashtra,2020-01-22,6,41-50
EMP00708,Aarav Kumar,Male,24,D006,Supervisor,M.Sc,Mumbai,Maharashtra,2018-07-22,8,21-30
EMP00709,Sneha Sharma,Male,45,D004,Sales Executive,MCA,Kochi,Kerala,2022-11-19,4,41-50
EMP00710,Meera Reddy,Male,36,D002,Accountant,M.Sc,Chennai,Tamil Nadu,2017-11-05,9,31-40
EMP00711,Keerthi Singh,Female,47,D001,Recruiter,MBA,Hyderabad,Telangana,2024-01-17,2,41-50
EMP00712,Ananya Mohan,Female,41,D006,Operations Executive,MBA,Coimbatore,Tamil Nadu,2018-11-26,8,41-50
EMP00713,Akash Mohan,Female,25,D001,Recruiter,MCA,Chennai,Tamil Nadu,2020-01-01,6,21-30
EMP00714,Karthik Nair,Female,31,D003,SQL Developer,MBA,Bengaluru,Karnataka,2020-11-02,6,31-40
EMP00715,Priya Verma,Male,32,D001,HR Executive,B.Sc,Kochi,Kerala,2017-02-26,9,31-40
EMP00716,Ananya Menon,Male,47,D003,SQL Developer,B.Tech,Mumbai,Maharashtra,2025-03-15,1,41-50
EMP00717,Vivaan Patel,Female,40,D006,Supervisor,B.Sc,Hyderabad,Telangana,2017-08-26,9,31-40
EMP00718,Vivaan Das,Female,36,D001,Recruiter,MCA,Mumbai,Maharashtra,2018-09-16,8,31-40
EMP00719,Daniel Nair,Male,24,D002,Accountant,MCA,Hyderabad,Telangana,2021-09-07,5,21-30
EMP00720,Priya Reddy,Male,37,D005,Marketing Executive,M.Sc,Hyderabad,Telangana,2020-03-26,6,31-40
EMP00721,Varun Bose,Male,24,D004,Sales Manager,MCA,Bengaluru,Karnataka,2024-10-28,2,21-30
EMP00722,Vivaan Kumar,Male,43,D001,Recruiter,MCA,Kochi,Kerala,2021-04-11,5,41-50
EMP00723,Sanjay Patel,Female,56,D005,Marketing Executive,MBA,Kochi,Kerala,2017-06-24,9,51-60
EMP00724,Diya Menon,Female,35,D002,Accountant,MCA,Coimbatore,Tamil Nadu,2024-03-19,2,31-40
EMP00725,Sanjay Verma,Male,55,D004,Sales Manager,MBA,Coimbatore,Tamil Nadu,2017-06-08,9,51-60
EMP00726,Aarav Gupta,Male,42,D006,Operations Executive,MBA,Pune,Maharashtra,2021-01-16,5,41-50
EMP00727,Sanjay Kumar,Female,36,D005,Marketing Executive,B.Tech,Mumbai,Maharashtra,2018-04-23,8,31-40
EMP00728,Diya Nair,Female,52,D003,SQL Developer,MBA,Pune,Maharashtra,2019-02-10,7,51-60
EMP00729,Aditya Bose,Female,30,D002,Financial Analyst,M.Sc,Kochi,Kerala,2019-08-11,7,21-30
EMP00730,Akash Joseph,Male,41,D006,Supervisor,MBA,Bengaluru,Karnataka,2025-01-09,1,41-50
EMP00731,Priya Nair,Female,41,D002,Accountant,MCA,Kochi,Kerala,2018-10-25,8,41-50
EMP00732,Ananya Gupta,Male,39,D003,SQL Developer,M.Sc,Kochi,Kerala,2020-09-08,6,31-40
EMP00733,Priya Kumar,Male,38,D004,Sales Manager,M.Sc,Hyderabad,Telangana,2024-10-22,2,31-40
EMP00734,Vivaan Nair,Male,47,D005,SEO Specialist,MCA,Pune,Maharashtra,2023-07-16,3,41-50
EMP00735,Vignesh Nair,Female,42,D001,HR Executive,M.Sc,Mumbai,Maharashtra,2017-06-13,9,41-50
EMP00736,Meera Reddy,Male,57,D001,HR Executive,MBA,Pune,Maharashtra,2020-05-29,6,51-60
EMP00737,Vivaan Sharma,Female,57,D004,Sales Manager,B.Sc,Kochi,Kerala,2019-11-22,7,51-60
EMP00738,Riya Patel,Female,51,D004,Sales Manager,M.Sc,Pune,Maharashtra,2025-01-05,1,51-60
EMP00739,Diya Mohan,Male,48,D003,Software Engineer,M.Sc,Hyderabad,Telangana,2017-12-09,9,41-50
EMP00740,Diya Nair,Female,36,D005,Marketing Executive,B.Tech,Chennai,Tamil Nadu,2021-12-15,5,31-40
EMP00741,Priya Reddy,Female,47,D001,HR Executive,MCA,Coimbatore,Tamil Nadu,2023-11-23,3,41-50
EMP00742,Diya Das,Female,55,D002,Accountant,MBA,Chennai,Tamil Nadu,2019-01-10,7,51-60
EMP00743,Ananya Mohan,Male,53,D004,Sales Executive,MBA,Kochi,Kerala,2020-12-25,6,51-60
EMP00744,Sneha Verma,Male,41,D004,Sales Executive,M.Sc,Kochi,Kerala,2022-11-09,4,41-50
EMP00745,Nikhil Patel,Female,55,D003,SQL Developer,MCA,Mumbai,Maharashtra,2023-10-20,3,51-60
EMP00746,Meera Iyer,Female,41,D003,Data Analyst,M.Sc,Hyderabad,Telangana,2023-06-10,3,41-50
EMP00747,Priya Nair,Male,30,D004,Sales Manager,MCA,Mumbai,Maharashtra,2019-03-22,7,21-30
EMP00748,Sanjay Singh,Male,38,D006,Operations Executive,B.Sc,Bengaluru,Karnataka,2024-02-10,2,31-40
EMP00749,Karthik Reddy,Male,47,D001,HR Executive,MBA,Chennai,Tamil Nadu,2022-05-02,4,41-50
EMP00750,Nikhil Verma,Male,45,D005,Marketing Executive,MBA,Chennai,Tamil Nadu,2017-07-23,9,41-50
EMP00751,Arjun Menon,Female,22,D004,Sales Manager,B.Tech,Bengaluru,Karnataka,2024-04-22,2,21-30
EMP00752,Vivaan Mohan,Female,24,D002,Accountant,B.Sc,Pune,Maharashtra,2017-03-12,9,21-30
EMP00753,Arjun Gupta,Female,58,D002,Accountant,MBA,Hyderabad,Telangana,2023-05-31,3,51-60
EMP00754,Sanjay Mohan,Female,23,D002,Financial Analyst,B.Tech,Pune,Maharashtra,2022-01-27,4,21-30
EMP00755,Daniel Das,Female,50,D004,Sales Executive,MBA,Kochi,Kerala,2021-01-07,5,41-50
EMP00756,Varun Bose,Male,46,D004,Sales Executive,MCA,Coimbatore,Tamil Nadu,2020-03-19,6,41-50
EMP00757,Arjun Reddy,Female,51,D006,Operations Executive,M.Sc,Pune,Maharashtra,2018-05-10,8,51-60
EMP00758,Sneha Bose,Male,55,D005,SEO Specialist,B.Tech,Hyderabad,Telangana,2019-06-23,7,51-60
EMP00759,Vignesh Das,Female,22,D001,Recruiter,M.Sc,Pune,Maharashtra,2021-06-05,5,21-30
EMP00760,Vignesh Verma,Female,44,D003,Data Analyst,B.Sc,Mumbai,Maharashtra,2023-10-24,3,41-50
EMP00761,Karthik Mohan,Male,29,D003,Software Engineer,MBA,Mumbai,Maharashtra,2023-01-06,3,21-30
EMP00762,Ananya Mohan,Male,31,D003,SQL Developer,B.Sc,Pune,Maharashtra,2017-08-26,9,31-40
EMP00763,Priya Gupta,Male,57,D003,SQL Developer,MBA,Hyderabad,Telangana,2021-02-22,5,51-60
EMP00764,Meera Patel,Female,39,D003,Software Engineer,MCA,Mumbai,Maharashtra,2020-02-21,6,31-40
EMP00765,Vignesh Menon,Male,52,D003,Software Engineer,M.Sc,Hyderabad,Telangana,2019-12-06,7,51-60
EMP00766,Aditya Reddy,Male,50,D001,Recruiter,MBA,Coimbatore,Tamil Nadu,2019-08-25,7,41-50
EMP00767,Keerthi Reddy,Female,34,D004,Sales Executive,B.Tech,Kochi,Kerala,2018-10-27,8,31-40
EMP00768,Vivaan Das,Female,36,D003,Data Analyst,B.Tech,Mumbai,Maharashtra,2024-08-08,2,31-40
EMP00769,Nikhil Iyer,Male,58,D006,Supervisor,B.Tech,Chennai,Tamil Nadu,2017-07-01,9,51-60
EMP00770,Akash Menon,Male,54,D005,SEO Specialist,MBA,Mumbai,Maharashtra,2018-07-07,8,51-60
EMP00771,Diya Verma,Female,45,D002,Financial Analyst,M.Sc,Coimbatore,Tamil Nadu,2023-03-19,3,41-50
EMP00772,Arjun Nair,Female,37,D004,Sales Manager,MCA,Kochi,Kerala,2024-05-01,2,31-40
EMP00773,Sanjay Gupta,Male,47,D004,Sales Executive,MBA,Bengaluru,Karnataka,2019-04-25,7,41-50
EMP00774,Akash Verma,Male,37,D006,Operations Executive,M.Sc,Chennai,Tamil Nadu,2024-05-14,2,31-40
EMP00775,Akash Kumar,Female,42,D006,Supervisor,B.Tech,Bengaluru,Karnataka,2017-12-22,9,41-50
EMP00776,Sanjay Menon,Female,40,D006,Operations Executive,MBA,Chennai,Tamil Nadu,2020-02-15,6,31-40
EMP00777,Vignesh Reddy,Female,49,D005,SEO Specialist,MBA,Coimbatore,Tamil Nadu,2020-02-07,6,41-50
EMP00778,Priya Nair,Female,39,D006,Operations Executive,MCA,Chennai,Tamil Nadu,2018-11-20,8,31-40
EMP00779,Harini Kumar,Male,22,D004,Sales Manager,MCA,Coimbatore,Tamil Nadu,2025-03-13,1,21-30
EMP00780,Aarav Verma,Female,57,D005,Marketing Executive,MCA,Chennai,Tamil Nadu,2022-11-30,4,51-60
EMP00781,Harini Patel,Male,58,D001,HR Executive,MCA,Kochi,Kerala,2022-01-19,4,51-60
EMP00782,Karthik Verma,Male,54,D005,Marketing Executive,MCA,Bengaluru,Karnataka,2022-09-04,4,51-60
EMP00783,Riya Iyer,Male,44,D001,Recruiter,M.Sc,Chennai,Tamil Nadu,2021-10-26,5,41-50
EMP00784,Akash Kumar,Male,39,D003,SQL Developer,MCA,Mumbai,Maharashtra,2017-06-01,9,31-40
EMP00785,Vignesh Bose,Male,48,D004,Sales Executive,B.Sc,Chennai,Tamil Nadu,2023-03-08,3,41-50
EMP00786,Riya Mohan,Male,44,D005,SEO Specialist,MBA,Hyderabad,Telangana,2019-01-30,7,41-50
EMP00787,Nikhil Menon,Female,24,D003,SQL Developer,MCA,Kochi,Kerala,2019-05-18,7,21-30
EMP00788,Keerthi Rao,Male,49,D005,Marketing Executive,M.Sc,Chennai,Tamil Nadu,2024-11-15,2,41-50
EMP00789,Rahul Mohan,Female,24,D006,Supervisor,MCA,Hyderabad,Telangana,2023-04-29,3,21-30
EMP00790,Meera Nair,Female,28,D005,Marketing Executive,B.Tech,Hyderabad,Telangana,2022-08-20,4,21-30
EMP00791,Rahul Gupta,Female,34,D002,Financial Analyst,B.Tech,Hyderabad,Telangana,2024-01-02,2,31-40
EMP00792,Vignesh Menon,Female,52,D002,Financial Analyst,B.Sc,Mumbai,Maharashtra,2023-12-01,3,51-60
EMP00793,Vivaan Reddy,Female,58,D005,Marketing Executive,B.Tech,Mumbai,Maharashtra,2023-10-07,3,51-60
EMP00794,Priya Iyer,Female,33,D005,Marketing Executive,B.Sc,Pune,Maharashtra,2024-05-27,2,31-40
EMP00795,Aarav Iyer,Female,50,D003,Software Engineer,B.Sc,Coimbatore,Tamil Nadu,2021-01-14,5,41-50
EMP00796,Varun Das,Female,47,D002,Financial Analyst,B.Sc,Hyderabad,Telangana,2017-09-22,9,41-50
EMP00797,Sanjay Singh,Female,22,D004,Sales Manager,B.Tech,Chennai,Tamil Nadu,2017-08-31,9,21-30
EMP00798,Nikhil Bose,Female,51,D006,Supervisor,B.Sc,Coimbatore,Tamil Nadu,2020-10-17,6,51-60
EMP00799,Rahul Sharma,Female,39,D005,Marketing Executive,B.Sc,Pune,Maharashtra,2025-01-23,1,31-40
EMP00800,Vignesh Singh,Female,24,D005,Marketing Executive,MBA,Pune,Maharashtra,2019-03-31,7,21-30
EMP00801,Harini Menon,Female,36,D006,Operations Executive,M.Sc,Mumbai,Maharashtra,2017-09-05,9,31-40
EMP00802,Daniel Das,Female,53,D003,SQL Developer,M.Sc,Bengaluru,Karnataka,2022-08-08,4,51-60
EMP00803,Keerthi Nair,Female,53,D006,Operations Executive,B.Tech,Hyderabad,Telangana,2017-03-04,9,51-60
EMP00804,Aarav Mohan,Male,53,D005,SEO Specialist,B.Tech,Mumbai,Maharashtra,2022-04-13,4,51-60
EMP00805,Riya Bose,Male,44,D003,SQL Developer,MCA,Pune,Maharashtra,2017-05-13,9,41-50
EMP00806,Daniel Rao,Male,49,D004,Sales Executive,M.Sc,Mumbai,Maharashtra,2021-12-23,5,41-50
EMP00807,Meera Mohan,Male,49,D001,HR Executive,M.Sc,Hyderabad,Telangana,2019-01-09,7,41-50
EMP00808,Aarav Bose,Male,39,D003,Data Analyst,M.Sc,Mumbai,Maharashtra,2020-05-25,6,31-40
EMP00809,Arjun Menon,Female,32,D006,Operations Executive,MCA,Mumbai,Maharashtra,2017-11-09,9,31-40
EMP00810,Daniel Kumar,Female,47,D006,Operations Executive,MCA,Pune,Maharashtra,2018-12-23,8,41-50
EMP00811,Rahul Kumar,Female,40,D005,Marketing Executive,B.Sc,Pune,Maharashtra,2017-01-14,9,31-40
EMP00812,Sanjay Nair,Female,29,D001,Recruiter,M.Sc,Coimbatore,Tamil Nadu,2018-12-06,8,21-30
EMP00813,Ananya Singh,Female,48,D003,Software Engineer,B.Tech,Hyderabad,Telangana,2024-11-20,2,41-50
EMP00814,Sneha Das,Male,46,D003,Software Engineer,M.Sc,Kochi,Kerala,2017-01-04,9,41-50
EMP00815,Daniel Joseph,Male,34,D001,Recruiter,M.Sc,Kochi,Kerala,2021-02-03,5,31-40
EMP00816,Varun Mohan,Female,44,D001,HR Executive,MBA,Hyderabad,Telangana,2023-02-06,3,41-50
EMP00817,Ananya Nair,Female,48,D001,Recruiter,B.Tech,Coimbatore,Tamil Nadu,2019-10-30,7,41-50
EMP00818,Vivaan Das,Male,52,D001,HR Executive,MCA,Chennai,Tamil Nadu,2024-05-29,2,51-60
EMP00819,Vivaan Iyer,Male,44,D006,Operations Executive,M.Sc,Coimbatore,Tamil Nadu,2024-09-10,2,41-50
EMP00820,Harini Menon,Female,46,D006,Supervisor,B.Sc,Bengaluru,Karnataka,2018-08-08,8,41-50
EMP00821,Ananya Singh,Male,29,D003,Software Engineer,B.Tech,Coimbatore,Tamil Nadu,2019-11-27,7,21-30
EMP00822,Akash Patel,Male,45,D004,Sales Manager,MCA,Bengaluru,Karnataka,2020-12-24,6,41-50
EMP00823,Vignesh Kumar,Female,57,D003,Software Engineer,MCA,Pune,Maharashtra,2020-11-25,6,51-60
EMP00824,Vignesh Patel,Male,42,D006,Supervisor,B.Sc,Pune,Maharashtra,2023-10-27,3,41-50
EMP00825,Aarav Rao,Male,32,D003,Software Engineer,B.Tech,Chennai,Tamil Nadu,2020-12-06,6,31-40
EMP00826,Keerthi Kumar,Male,35,D005,SEO Specialist,MCA,Hyderabad,Telangana,2023-07-01,3,31-40
EMP00827,Daniel Gupta,Female,52,D005,SEO Specialist,B.Tech,Chennai,Tamil Nadu,2017-05-04,9,51-60
EMP00828,Diya Reddy,Male,22,D002,Accountant,B.Tech,Hyderabad,Telangana,2024-01-08,2,21-30
EMP00829,Karthik Patel,Male,35,D006,Operations Executive,B.Tech,Bengaluru,Karnataka,2018-12-14,8,31-40
EMP00830,Diya Singh,Female,22,D002,Accountant,B.Tech,Pune,Maharashtra,2022-03-11,4,21-30
EMP00831,Varun Rao,Female,39,D003,Software Engineer,MCA,Bengaluru,Karnataka,2024-05-03,2,31-40
EMP00832,Diya Patel,Female,47,D001,Recruiter,B.Sc,Coimbatore,Tamil Nadu,2024-12-26,2,41-50
EMP00833,Harini Patel,Female,52,D005,SEO Specialist,B.Tech,Mumbai,Maharashtra,2022-07-19,4,51-60
EMP00834,Sneha Menon,Male,22,D002,Financial Analyst,B.Sc,Chennai,Tamil Nadu,2018-03-10,8,21-30
EMP00835,Harini Gupta,Male,29,D001,Recruiter,B.Tech,Pune,Maharashtra,2019-02-08,7,21-30
EMP00836,Vivaan Patel,Female,39,D002,Accountant,M.Sc,Hyderabad,Telangana,2017-03-10,9,31-40
EMP00837,Harini Verma,Male,33,D002,Accountant,MCA,Hyderabad,Telangana,2023-05-22,3,31-40
EMP00838,Daniel Reddy,Male,56,D002,Accountant,MBA,Hyderabad,Telangana,2021-05-08,5,51-60
EMP00839,Harini Patel,Female,34,D003,Data Analyst,B.Tech,Bengaluru,Karnataka,2017-11-02,9,31-40
EMP00840,Meera Verma,Female,48,D003,Data Analyst,B.Sc,Chennai,Tamil Nadu,2023-06-03,3,41-50
EMP00841,Daniel Bose,Female,51,D006,Operations Executive,M.Sc,Coimbatore,Tamil Nadu,2022-10-14,4,51-60
EMP00842,Sanjay Iyer,Female,49,D002,Financial Analyst,M.Sc,Chennai,Tamil Nadu,2018-10-21,8,41-50
EMP00843,Nikhil Menon,Male,55,D006,Supervisor,B.Sc,Pune,Maharashtra,2020-10-17,6,51-60
EMP00844,Riya Menon,Male,25,D004,Sales Manager,M.Sc,Bengaluru,Karnataka,2024-05-18,2,21-30
EMP00845,Diya Singh,Female,52,D004,Sales Executive,MBA,Hyderabad,Telangana,2021-07-02,5,51-60
EMP00846,Akash Menon,Male,34,D002,Accountant,B.Sc,Coimbatore,Tamil Nadu,2018-02-17,8,31-40
EMP00847,Varun Patel,Male,43,D004,Sales Manager,B.Tech,Coimbatore,Tamil Nadu,2024-12-15,2,41-50
EMP00848,Riya Rao,Male,44,D003,SQL Developer,B.Tech,Hyderabad,Telangana,2019-08-09,7,41-50
EMP00849,Sneha Bose,Male,47,D002,Financial Analyst,MBA,Pune,Maharashtra,2023-10-07,3,41-50
EMP00850,Harini Reddy,Female,57,D004,Sales Manager,B.Tech,Kochi,Kerala,2024-07-05,2,51-60
EMP00851,Varun Singh,Male,25,D003,Data Analyst,M.Sc,Coimbatore,Tamil Nadu,2022-09-29,4,21-30
EMP00852,Vivaan Singh,Male,29,D005,Marketing Executive,B.Tech,Pune,Maharashtra,2020-12-28,6,21-30
EMP00853,Rahul Mohan,Male,50,D004,Sales Executive,MBA,Kochi,Kerala,2022-11-09,4,41-50
EMP00854,Keerthi Menon,Male,54,D004,Sales Manager,MBA,Kochi,Kerala,2020-07-26,6,51-60
EMP00855,Ananya Nair,Male,25,D001,HR Executive,MCA,Hyderabad,Telangana,2017-09-08,9,21-30
EMP00856,Riya Das,Female,41,D002,Accountant,B.Tech,Chennai,Tamil Nadu,2023-04-04,3,41-50
EMP00857,Diya Sharma,Male,23,D006,Supervisor,MBA,Mumbai,Maharashtra,2025-01-19,1,21-30
EMP00858,Sneha Rao,Male,34,D005,SEO Specialist,MCA,Chennai,Tamil Nadu,2023-06-05,3,31-40
EMP00859,Varun Gupta,Male,37,D001,HR Executive,B.Tech,Chennai,Tamil Nadu,2024-01-29,2,31-40
EMP00860,Priya Rao,Male,47,D005,SEO Specialist,B.Sc,Pune,Maharashtra,2020-06-01,6,41-50
EMP00861,Sneha Patel,Male,55,D002,Accountant,MCA,Coimbatore,Tamil Nadu,2022-12-03,4,51-60
EMP00862,Karthik Kumar,Male,26,D005,Marketing Executive,MCA,Pune,Maharashtra,2019-05-30,7,21-30
EMP00863,Sanjay Nair,Female,31,D002,Financial Analyst,MBA,Coimbatore,Tamil Nadu,2019-08-31,7,31-40
EMP00864,Sneha Sharma,Female,47,D005,Marketing Executive,MBA,Chennai,Tamil Nadu,2024-02-08,2,41-50
EMP00865,Aarav Patel,Female,53,D001,HR Executive,B.Sc,Mumbai,Maharashtra,2018-06-06,8,51-60
EMP00866,Vivaan Menon,Male,39,D006,Supervisor,M.Sc,Coimbatore,Tamil Nadu,2018-10-18,8,31-40
EMP00867,Daniel Das,Female,39,D002,Financial Analyst,M.Sc,Kochi,Kerala,2019-03-14,7,31-40
EMP00868,Priya Das,Female,39,D003,Software Engineer,MBA,Pune,Maharashtra,2024-10-03,2,31-40
EMP00869,Karthik Patel,Male,23,D002,Financial Analyst,M.Sc,Pune,Maharashtra,2019-08-31,7,21-30
EMP00870,Nikhil Nair,Male,53,D001,Recruiter,B.Sc,Bengaluru,Karnataka,2020-01-13,6,51-60
EMP00871,Daniel Sharma,Male,42,D002,Financial Analyst,MBA,Kochi,Kerala,2020-06-19,6,41-50
EMP00872,Arjun Singh,Male,53,D002,Accountant,B.Tech,Hyderabad,Telangana,2024-07-22,2,51-60
EMP00873,Meera Singh,Male,34,D006,Supervisor,B.Sc,Pune,Maharashtra,2021-05-19,5,31-40
EMP00874,Riya Patel,Female,41,D005,Marketing Executive,MBA,Kochi,Kerala,2020-04-05,6,41-50
EMP00875,Arjun Reddy,Male,41,D004,Sales Executive,B.Sc,Kochi,Kerala,2022-10-15,4,41-50
EMP00876,Diya Patel,Male,40,D002,Accountant,MCA,Chennai,Tamil Nadu,2018-06-30,8,31-40
EMP00877,Ananya Sharma,Female,32,D002,Financial Analyst,M.Sc,Pune,Maharashtra,2020-05-05,6,31-40
EMP00878,Diya Kumar,Female,53,D003,Software Engineer,B.Tech,Coimbatore,Tamil Nadu,2018-07-26,8,51-60
EMP00879,Meera Reddy,Male,29,D005,SEO Specialist,M.Sc,Kochi,Kerala,2018-05-19,8,21-30
EMP00880,Ananya Nair,Female,57,D001,HR Executive,B.Tech,Hyderabad,Telangana,2021-04-12,5,51-60
EMP00881,Ananya Iyer,Male,53,D005,SEO Specialist,M.Sc,Mumbai,Maharashtra,2017-01-06,9,51-60
EMP00882,Akash Sharma,Female,48,D006,Supervisor,M.Sc,Hyderabad,Telangana,2021-05-06,5,41-50
EMP00883,Aarav Gupta,Female,55,D003,Data Analyst,B.Tech,Kochi,Kerala,2020-12-23,6,51-60
EMP00884,Vignesh Mohan,Male,30,D004,Sales Executive,M.Sc,Chennai,Tamil Nadu,2022-07-03,4,21-30
EMP00885,Karthik Reddy,Female,35,D002,Accountant,B.Tech,Chennai,Tamil Nadu,2021-10-17,5,31-40
EMP00886,Daniel Reddy,Female,24,D004,Sales Executive,MCA,Hyderabad,Telangana,2017-06-24,9,21-30
EMP00887,Vivaan Joseph,Male,55,D003,Data Analyst,B.Sc,Hyderabad,Telangana,2021-06-07,5,51-60
EMP00888,Riya Rao,Male,26,D004,Sales Executive,B.Sc,Chennai,Tamil Nadu,2024-05-08,2,21-30
EMP00889,Karthik Nair,Male,52,D004,Sales Executive,MBA,Bengaluru,Karnataka,2018-09-06,8,51-60
EMP00890,Karthik Patel,Male,47,D002,Financial Analyst,B.Sc,Coimbatore,Tamil Nadu,2023-10-03,3,41-50
EMP00891,Daniel Nair,Male,51,D006,Operations Executive,B.Tech,Mumbai,Maharashtra,2023-07-10,3,51-60
EMP00892,Ananya Joseph,Female,34,D006,Supervisor,B.Sc,Coimbatore,Tamil Nadu,2020-10-21,6,31-40
EMP00893,Akash Joseph,Female,29,D003,Data Analyst,M.Sc,Chennai,Tamil Nadu,2019-11-05,7,21-30
EMP00894,Vignesh Sharma,Female,58,D001,HR Executive,B.Sc,Bengaluru,Karnataka,2017-11-24,9,51-60
EMP00895,Nikhil Rao,Female,34,D003,Software Engineer,B.Tech,Pune,Maharashtra,2022-02-14,4,31-40
EMP00896,Rahul Kumar,Female,58,D004,Sales Executive,B.Sc,Hyderabad,Telangana,2017-12-10,9,51-60
EMP00897,Sneha Sharma,Female,38,D004,Sales Executive,B.Tech,Pune,Maharashtra,2021-12-03,5,31-40
EMP00898,Rahul Patel,Female,23,D005,SEO Specialist,B.Tech,Kochi,Kerala,2020-01-14,6,21-30
EMP00899,Aarav Singh,Female,27,D002,Financial Analyst,MBA,Pune,Maharashtra,2017-02-27,9,21-30
EMP00900,Nikhil Patel,Female,42,D005,SEO Specialist,M.Sc,Pune,Maharashtra,2017-04-24,9,41-50
EMP00901,Riya Sharma,Female,24,D005,SEO Specialist,B.Sc,Pune,Maharashtra,2021-04-24,5,21-30
EMP00902,Riya Menon,Female,48,D003,SQL Developer,M.Sc,Pune,Maharashtra,2017-04-03,9,41-50
EMP00903,Diya Singh,Male,26,D004,Sales Executive,B.Sc,Pune,Maharashtra,2020-07-06,6,21-30
EMP00904,Riya Menon,Male,56,D003,Data Analyst,M.Sc,Coimbatore,Tamil Nadu,2023-10-05,3,51-60
EMP00905,Nikhil Das,Female,45,D005,SEO Specialist,B.Tech,Chennai,Tamil Nadu,2024-11-18,2,41-50
EMP00906,Priya Gupta,Female,36,D002,Financial Analyst,B.Sc,Mumbai,Maharashtra,2017-04-25,9,31-40
EMP00907,Karthik Gupta,Female,58,D006,Operations Executive,B.Tech,Bengaluru,Karnataka,2020-10-29,6,51-60
EMP00908,Aarav Rao,Female,53,D002,Accountant,MCA,Bengaluru,Karnataka,2021-09-05,5,51-60
EMP00909,Harini Das,Male,24,D001,Recruiter,B.Sc,Pune,Maharashtra,2023-06-08,3,21-30
EMP00910,Vignesh Reddy,Female,26,D001,HR Executive,MBA,Mumbai,Maharashtra,2019-08-24,7,21-30
EMP00911,Meera Reddy,Female,43,D003,Software Engineer,B.Tech,Coimbatore,Tamil Nadu,2020-06-24,6,41-50
EMP00912,Harini Joseph,Female,44,D003,SQL Developer,B.Tech,Bengaluru,Karnataka,2024-05-21,2,41-50
EMP00913,Nikhil Rao,Female,35,D005,SEO Specialist,MBA,Kochi,Kerala,2018-08-25,8,31-40
EMP00914,Aditya Sharma,Male,45,D005,Marketing Executive,M.Sc,Bengaluru,Karnataka,2020-03-28,6,41-50
EMP00915,Riya Joseph,Female,24,D003,Data Analyst,MCA,Hyderabad,Telangana,2024-03-21,2,21-30
EMP00916,Rahul Bose,Female,27,D006,Supervisor,B.Tech,Hyderabad,Telangana,2017-03-19,9,21-30
EMP00917,Diya Menon,Female,49,D006,Operations Executive,B.Tech,Hyderabad,Telangana,2018-12-09,8,41-50
EMP00918,Aditya Iyer,Female,53,D005,Marketing Executive,MBA,Kochi,Kerala,2018-11-19,8,51-60
EMP00919,Diya Bose,Female,52,D005,SEO Specialist,B.Sc,Kochi,Kerala,2017-12-07,9,51-60
EMP00920,Meera Joseph,Male,33,D005,Marketing Executive,MCA,Pune,Maharashtra,2017-05-20,9,31-40
EMP00921,Ananya Menon,Female,38,D004,Sales Manager,B.Sc,Coimbatore,Tamil Nadu,2017-10-29,9,31-40
EMP00922,Nikhil Singh,Male,29,D001,Recruiter,MBA,Hyderabad,Telangana,2025-02-21,1,21-30
EMP00923,Meera Patel,Male,56,D003,Data Analyst,M.Sc,Kochi,Kerala,2022-07-01,4,51-60
EMP00924,Nikhil Menon,Female,49,D003,SQL Developer,MCA,Bengaluru,Karnataka,2017-09-12,9,41-50
EMP00925,Karthik Reddy,Female,50,D002,Financial Analyst,B.Tech,Mumbai,Maharashtra,2018-03-24,8,41-50
EMP00926,Riya Kumar,Female,58,D003,SQL Developer,B.Tech,Coimbatore,Tamil Nadu,2025-02-21,1,51-60
EMP00927,Harini Verma,Female,38,D002,Financial Analyst,B.Sc,Kochi,Kerala,2024-06-08,2,31-40
EMP00928,Sneha Nair,Female,37,D003,SQL Developer,MCA,Coimbatore,Tamil Nadu,2019-07-29,7,31-40
EMP00929,Ananya Verma,Male,32,D001,HR Executive,MBA,Chennai,Tamil Nadu,2019-02-25,7,31-40
EMP00930,Nikhil Bose,Female,54,D006,Supervisor,M.Sc,Hyderabad,Telangana,2024-07-27,2,51-60
EMP00931,Akash Sharma,Female,35,D004,Sales Manager,M.Sc,Chennai,Tamil Nadu,2020-05-13,6,31-40
EMP00932,Vignesh Sharma,Male,30,D003,Data Analyst,B.Sc,Hyderabad,Telangana,2018-01-13,8,21-30
EMP00933,Ananya Menon,Female,57,D002,Accountant,B.Sc,Coimbatore,Tamil Nadu,2017-03-25,9,51-60
EMP00934,Akash Sharma,Female,49,D005,SEO Specialist,B.Tech,Hyderabad,Telangana,2025-02-28,1,41-50
EMP00935,Sanjay Verma,Female,28,D004,Sales Executive,M.Sc,Kochi,Kerala,2018-03-20,8,21-30
EMP00936,Akash Nair,Female,58,D005,SEO Specialist,B.Sc,Kochi,Kerala,2019-03-02,7,51-60
EMP00937,Aarav Iyer,Female,24,D006,Operations Executive,B.Sc,Kochi,Kerala,2017-08-23,9,21-30
EMP00938,Rahul Menon,Male,53,D002,Accountant,B.Sc,Chennai,Tamil Nadu,2024-02-22,2,51-60
EMP00939,Nikhil Singh,Female,31,D001,HR Executive,MBA,Mumbai,Maharashtra,2024-01-08,2,31-40
EMP00940,Meera Das,Male,35,D002,Accountant,B.Sc,Mumbai,Maharashtra,2024-08-06,2,31-40
EMP00941,Riya Singh,Female,51,D005,Marketing Executive,MCA,Bengaluru,Karnataka,2019-07-09,7,51-60
EMP00942,Aarav Sharma,Male,54,D004,Sales Manager,B.Tech,Chennai,Tamil Nadu,2020-08-10,6,51-60
EMP00943,Aarav Patel,Male,26,D001,Recruiter,M.Sc,Mumbai,Maharashtra,2019-12-30,7,21-30
EMP00944,Sanjay Iyer,Male,35,D002,Financial Analyst,MBA,Coimbatore,Tamil Nadu,2018-03-03,8,31-40
EMP00945,Harini Verma,Female,27,D003,Software Engineer,B.Sc,Hyderabad,Telangana,2022-02-05,4,21-30
EMP00946,Vivaan Kumar,Male,47,D005,SEO Specialist,M.Sc,Mumbai,Maharashtra,2020-07-13,6,41-50
EMP00947,Aditya Mohan,Male,52,D003,SQL Developer,B.Tech,Mumbai,Maharashtra,2017-06-07,9,51-60
EMP00948,Arjun Joseph,Female,27,D003,SQL Developer,M.Sc,Mumbai,Maharashtra,2018-03-17,8,21-30
EMP00949,Rahul Verma,Female,32,D002,Accountant,MBA,Pune,Maharashtra,2017-04-02,9,31-40
EMP00950,Vivaan Joseph,Male,38,D006,Operations Executive,MCA,Chennai,Tamil Nadu,2018-06-30,8,31-40
EMP00951,Vivaan Patel,Female,43,D004,Sales Executive,B.Tech,Bengaluru,Karnataka,2024-11-28,2,41-50
EMP00952,Karthik Das,Female,41,D004,Sales Executive,B.Sc,Hyderabad,Telangana,2017-01-30,9,41-50
EMP00953,Priya Iyer,Female,45,D006,Operations Executive,MCA,Pune,Maharashtra,2018-02-19,8,41-50
EMP00954,Daniel Patel,Female,23,D005,SEO Specialist,B.Sc,Hyderabad,Telangana,2024-03-23,2,21-30
EMP00955,Diya Kumar,Female,55,D006,Supervisor,B.Tech,Mumbai,Maharashtra,2021-05-23,5,51-60
EMP00956,Daniel Mohan,Female,55,D002,Accountant,B.Tech,Chennai,Tamil Nadu,2017-09-26,9,51-60
EMP00957,Sanjay Nair,Female,31,D002,Accountant,MCA,Coimbatore,Tamil Nadu,2020-06-22,6,31-40
EMP00958,Harini Verma,Female,45,D001,Recruiter,B.Sc,Bengaluru,Karnataka,2019-09-13,7,41-50
EMP00959,Varun Kumar,Male,49,D004,Sales Executive,B.Sc,Chennai,Tamil Nadu,2018-08-02,8,41-50
EMP00960,Harini Gupta,Male,56,D003,Software Engineer,B.Tech,Bengaluru,Karnataka,2022-05-04,4,51-60
EMP00961,Diya Iyer,Female,29,D002,Accountant,M.Sc,Chennai,Tamil Nadu,2022-10-12,4,21-30
EMP00962,Akash Das,Male,35,D006,Supervisor,M.Sc,Hyderabad,Telangana,2021-04-13,5,31-40
EMP00963,Aditya Rao,Female,24,D003,Software Engineer,MBA,Pune,Maharashtra,2020-07-24,6,21-30
EMP00964,Ananya Singh,Female,27,D005,SEO Specialist,MBA,Mumbai,Maharashtra,2020-01-30,6,21-30
EMP00965,Rahul Das,Male,44,D006,Operations Executive,M.Sc,Bengaluru,Karnataka,2017-09-03,9,41-50
EMP00966,Harini Das,Female,51,D004,Sales Executive,MBA,Mumbai,Maharashtra,2021-02-02,5,51-60
EMP00967,Daniel Reddy,Female,53,D001,HR Executive,MCA,Coimbatore,Tamil Nadu,2024-10-02,2,51-60
EMP00968,Karthik Rao,Female,34,D006,Supervisor,MCA,Mumbai,Maharashtra,2022-03-21,4,31-40
EMP00969,Aarav Joseph,Male,56,D006,Operations Executive,B.Sc,Mumbai,Maharashtra,2017-06-16,9,51-60
EMP00970,Akash Kumar,Female,26,D005,SEO Specialist,B.Tech,Mumbai,Maharashtra,2018-12-11,8,21-30
EMP00971,Riya Sharma,Female,26,D001,Recruiter,M.Sc,Coimbatore,Tamil Nadu,2021-04-02,5,21-30
EMP00972,Varun Iyer,Female,36,D003,Software Engineer,MBA,Coimbatore,Tamil Nadu,2018-02-01,8,31-40
EMP00973,Vignesh Joseph,Female,47,D005,SEO Specialist,B.Sc,Chennai,Tamil Nadu,2024-10-12,2,41-50
EMP00974,Vignesh Gupta,Female,26,D005,SEO Specialist,B.Tech,Chennai,Tamil Nadu,2021-12-29,5,21-30
EMP00975,Nikhil Verma,Female,29,D005,SEO Specialist,B.Tech,Hyderabad,Telangana,2021-08-10,5,21-30
EMP00976,Nikhil Singh,Female,46,D006,Operations Executive,B.Tech,Mumbai,Maharashtra,2017-08-07,9,41-50
EMP00977,Rahul Gupta,Male,25,D002,Financial Analyst,MCA,Kochi,Kerala,2024-01-18,2,21-30
EMP00978,Nikhil Singh,Male,22,D003,Software Engineer,B.Tech,Pune,Maharashtra,2017-01-06,9,21-30
EMP00979,Vivaan Kumar,Male,40,D005,Marketing Executive,MCA,Pune,Maharashtra,2018-04-21,8,31-40
EMP00980,Akash Kumar,Female,43,D005,SEO Specialist,M.Sc,Chennai,Tamil Nadu,2024-09-21,2,41-50
EMP00981,Meera Joseph,Male,52,D006,Operations Executive,B.Tech,Mumbai,Maharashtra,2023-07-26,3,51-60
EMP00982,Vivaan Kumar,Female,34,D001,HR Executive,M.Sc,Bengaluru,Karnataka,2017-06-26,9,31-40
EMP00983,Varun Patel,Female,33,D006,Operations Executive,M.Sc,Mumbai,Maharashtra,2017-11-15,9,31-40
EMP00984,Priya Nair,Female,53,D006,Supervisor,B.Tech,Pune,Maharashtra,2019-09-16,7,51-60
EMP00985,Harini Bose,Male,24,D001,HR Executive,MCA,Hyderabad,Telangana,2017-09-08,9,21-30
EMP00986,Varun Rao,Male,39,D001,Recruiter,MCA,Hyderabad,Telangana,2024-12-02,2,31-40
EMP00987,Riya Bose,Female,55,D006,Supervisor,MCA,Pune,Maharashtra,2020-11-09,6,51-60
EMP00988,Akash Singh,Female,47,D001,HR Executive,B.Tech,Chennai,Tamil Nadu,2023-05-17,3,41-50
EMP00989,Diya Das,Male,51,D001,Recruiter,MCA,Mumbai,Maharashtra,2023-04-18,3,51-60
EMP00990,Priya Iyer,Male,54,D006,Operations Executive,MCA,Pune,Maharashtra,2021-10-16,5,51-60
EMP00991,Daniel Iyer,Male,55,D005,SEO Specialist,MCA,Hyderabad,Telangana,2023-03-27,3,51-60
EMP00992,Aditya Verma,Female,51,D002,Accountant,B.Sc,Bengaluru,Karnataka,2020-01-13,6,51-60
EMP00993,Aarav Verma,Female,23,D002,Financial Analyst,MBA,Hyderabad,Telangana,2022-07-10,4,21-30
EMP00994,Vivaan Bose,Male,54,D001,HR Executive,MBA,Chennai,Tamil Nadu,2021-08-27,5,51-60
EMP00995,Arjun Singh,Male,33,D001,Recruiter,B.Tech,Bengaluru,Karnataka,2022-08-09,4,31-40
EMP00996,Priya Gupta,Male,38,D001,HR Executive,B.Sc,Pune,Maharashtra,2022-12-02,4,31-40
EMP00997,Karthik Sharma,Female,24,D006,Supervisor,B.Tech,Coimbatore,Tamil Nadu,2025-01-24,1,21-30
EMP00998,Ananya Singh,Female,22,D004,Sales Executive,B.Tech,Mumbai,Maharashtra,2023-04-24,3,21-30
EMP00999,Akash Mohan,Female,49,D002,Accountant,M.Sc,Bengaluru,Karnataka,2018-06-17,8,41-50
EMP01000,Varun Singh,Male,44,D003,Software Engineer,MCA,Coimbatore,Tamil Nadu,2020-06-24,6,41-50
EMP01001,Nikhil Reddy,Male,29,D004,Sales Manager,B.Sc,Hyderabad,Telangana,2018-08-06,8,21-30
EMP01002,Riya Sharma,Male,27,D006,Operations Executive,M.Sc,Kochi,Kerala,2018-06-25,8,21-30
EMP01003,Aditya Verma,Male,57,D001,HR Executive,MCA,Coimbatore,Tamil Nadu,2021-10-28,5,51-60
EMP01004,Keerthi Joseph,Male,52,D003,Software Engineer,M.Sc,Pune,Maharashtra,2023-02-18,3,51-60
EMP01005,Sneha Kumar,Male,46,D006,Operations Executive,B.Sc,Coimbatore,Tamil Nadu,2020-04-14,6,41-50
EMP01006,Harini Joseph,Female,42,D005,SEO Specialist,M.Sc,Chennai,Tamil Nadu,2025-01-20,1,41-50
EMP01007,Rahul Rao,Male,53,D005,SEO Specialist,B.Tech,Chennai,Tamil Nadu,2018-01-01,8,51-60
EMP01008,Vivaan Rao,Female,52,D004,Sales Executive,B.Tech,Coimbatore,Tamil Nadu,2023-06-08,3,51-60
EMP01009,Aarav Patel,Male,49,D001,Recruiter,M.Sc,Mumbai,Maharashtra,2018-12-10,8,41-50
EMP01010,Aditya Bose,Female,57,D004,Sales Executive,B.Sc,Pune,Maharashtra,2021-04-26,5,51-60
EMP01011,Aditya Rao,Male,32,D005,SEO Specialist,MBA,Pune,Maharashtra,2021-11-18,5,31-40
EMP01012,Nikhil Mohan,Male,58,D002,Financial Analyst,B.Tech,Chennai,Tamil Nadu,2018-06-09,8,51-60
EMP01013,Daniel Joseph,Female,42,D002,Accountant,MBA,Chennai,Tamil Nadu,2023-06-09,3,41-50
EMP01014,Karthik Nair,Male,51,D003,Software Engineer,MCA,Chennai,Tamil Nadu,2021-08-25,5,51-60
EMP01015,Harini Menon,Female,27,D004,Sales Manager,MBA,Mumbai,Maharashtra,2022-07-25,4,21-30
EMP01016,Aarav Patel,Female,55,D003,Software Engineer,M.Sc,Bengaluru,Karnataka,2017-05-17,9,51-60
EMP01017,Vivaan Patel,Female,50,D004,Sales Executive,B.Sc,Hyderabad,Telangana,2020-03-30,6,41-50
EMP01018,Arjun Sharma,Male,34,D001,Recruiter,MBA,Chennai,Tamil Nadu,2017-11-23,9,31-40
EMP01019,Aarav Gupta,Male,26,D002,Accountant,B.Tech,Kochi,Kerala,2018-08-14,8,21-30
EMP01020,Varun Menon,Female,57,D004,Sales Executive,B.Sc,Coimbatore,Tamil Nadu,2019-05-21,7,51-60
EMP01021,Arjun Rao,Female,46,D003,SQL Developer,B.Sc,Pune,Maharashtra,2018-07-12,8,41-50
EMP01022,Nikhil Mohan,Female,45,D004,Sales Manager,MBA,Hyderabad,Telangana,2024-02-13,2,41-50
EMP01023,Sneha Iyer,Male,24,D005,Marketing Executive,M.Sc,Kochi,Kerala,2020-07-30,6,21-30
EMP01024,Daniel Patel,Female,39,D003,Software Engineer,B.Sc,Bengaluru,Karnataka,2021-07-30,5,31-40
EMP01025,Priya Menon,Female,27,D006,Operations Executive,B.Tech,Bengaluru,Karnataka,2020-04-07,6,21-30
EMP01026,Aarav Joseph,Male,30,D002,Financial Analyst,B.Sc,Pune,Maharashtra,2018-07-20,8,21-30
EMP01027,Meera Gupta,Male,56,D006,Supervisor,MBA,Hyderabad,Telangana,2017-10-30,9,51-60
EMP01028,Nikhil Bose,Male,36,D006,Operations Executive,B.Sc,Hyderabad,Telangana,2024-04-28,2,31-40
EMP01029,Ananya Reddy,Female,40,D002,Financial Analyst,M.Sc,Bengaluru,Karnataka,2022-11-08,4,31-40
EMP01030,Sanjay Sharma,Female,47,D001,Recruiter,B.Tech,Mumbai,Maharashtra,2018-08-09,8,41-50
EMP01031,Diya Patel,Female,57,D003,SQL Developer,MCA,Bengaluru,Karnataka,2018-07-02,8,51-60
EMP01032,Aarav Reddy,Female,22,D004,Sales Manager,B.Sc,Kochi,Kerala,2025-02-27,1,21-30
EMP01033,Keerthi Kumar,Female,28,D003,SQL Developer,B.Sc,Coimbatore,Tamil Nadu,2022-10-10,4,21-30
EMP01034,Priya Bose,Female,54,D004,Sales Executive,B.Tech,Coimbatore,Tamil Nadu,2018-07-28,8,51-60
EMP01035,Sneha Rao,Male,52,D003,SQL Developer,MCA,Pune,Maharashtra,2024-11-05,2,51-60
EMP01036,Rahul Iyer,Male,57,D006,Supervisor,B.Tech,Kochi,Kerala,2019-04-28,7,51-60
EMP01037,Riya Patel,Male,24,D003,SQL Developer,B.Sc,Kochi,Kerala,2019-11-29,7,21-30
EMP01038,Riya Verma,Male,28,D001,HR Executive,MBA,Coimbatore,Tamil Nadu,2019-11-19,7,21-30
EMP01039,Ananya Bose,Male,52,D006,Supervisor,M.Sc,Pune,Maharashtra,2020-04-25,6,51-60
EMP01040,Aarav Das,Male,44,D001,Recruiter,B.Sc,Pune,Maharashtra,2018-02-13,8,41-50
EMP01041,Diya Nair,Male,25,D006,Supervisor,MBA,Kochi,Kerala,2022-04-03,4,21-30
EMP01042,Arjun Das,Female,54,D006,Operations Executive,M.Sc,Coimbatore,Tamil Nadu,2018-02-08,8,51-60
EMP01043,Sanjay Verma,Female,58,D005,Marketing Executive,B.Sc,Coimbatore,Tamil Nadu,2023-10-16,3,51-60
EMP01044,Rahul Patel,Male,55,D004,Sales Manager,B.Tech,Hyderabad,Telangana,2022-07-20,4,51-60
EMP01045,Aditya Verma,Male,54,D003,SQL Developer,B.Sc,Chennai,Tamil Nadu,2021-06-18,5,51-60
EMP01046,Riya Gupta,Male,48,D006,Operations Executive,MBA,Hyderabad,Telangana,2019-06-03,7,41-50
EMP01047,Vignesh Sharma,Male,33,D002,Accountant,B.Sc,Bengaluru,Karnataka,2023-08-07,3,31-40
EMP01048,Sanjay Iyer,Male,27,D003,Software Engineer,B.Tech,Coimbatore,Tamil Nadu,2021-09-24,5,21-30
EMP01049,Rahul Rao,Female,38,D004,Sales Manager,B.Tech,Coimbatore,Tamil Nadu,2019-06-30,7,31-40
EMP01050,Keerthi Iyer,Female,40,D001,HR Executive,M.Sc,Pune,Maharashtra,2024-05-30,2,31-40
EMP01051,Rahul Singh,Male,47,D006,Supervisor,B.Sc,Mumbai,Maharashtra,2019-01-24,7,41-50
EMP01052,Aarav Reddy,Female,42,D004,Sales Executive,M.Sc,Chennai,Tamil Nadu,2025-01-26,1,41-50
EMP01053,Rahul Verma,Male,32,D002,Accountant,MBA,Kochi,Kerala,2020-05-31,6,31-40
EMP01054,Varun Rao,Male,51,D002,Accountant,B.Tech,Bengaluru,Karnataka,2022-05-30,4,51-60
EMP01055,Aarav Menon,Male,34,D002,Accountant,B.Tech,Coimbatore,Tamil Nadu,2020-09-26,6,31-40
EMP01056,Keerthi Joseph,Female,45,D005,SEO Specialist,B.Tech,Hyderabad,Telangana,2019-10-06,7,41-50
EMP01057,Meera Nair,Female,48,D005,SEO Specialist,MBA,Pune,Maharashtra,2017-07-18,9,41-50
EMP01058,Meera Sharma,Female,57,D002,Financial Analyst,M.Sc,Kochi,Kerala,2019-09-13,7,51-60
EMP01059,Harini Das,Male,22,D002,Accountant,MCA,Chennai,Tamil Nadu,2023-10-21,3,21-30
EMP01060,Arjun Sharma,Male,22,D001,HR Executive,B.Tech,Coimbatore,Tamil Nadu,2020-05-13,6,21-30
EMP01061,Aditya Bose,Male,29,D004,Sales Executive,MBA,Chennai,Tamil Nadu,2023-05-17,3,21-30
EMP01062,Aarav Sharma,Female,53,D002,Financial Analyst,MBA,Pune,Maharashtra,2023-01-05,3,51-60
EMP01063,Karthik Patel,Male,22,D006,Supervisor,B.Sc,Bengaluru,Karnataka,2020-11-20,6,21-30
EMP01064,Akash Bose,Female,37,D006,Operations Executive,B.Sc,Kochi,Kerala,2018-08-26,8,31-40
EMP01065,Riya Gupta,Female,40,D002,Financial Analyst,B.Sc,Bengaluru,Karnataka,2021-08-30,5,31-40
EMP01066,Keerthi Patel,Male,54,D002,Accountant,B.Sc,Chennai,Tamil Nadu,2021-08-02,5,51-60
EMP01067,Harini Patel,Female,32,D003,Software Engineer,B.Sc,Bengaluru,Karnataka,2017-02-03,9,31-40
EMP01068,Karthik Rao,Male,33,D004,Sales Manager,B.Tech,Hyderabad,Telangana,2024-05-28,2,31-40
EMP01069,Priya Patel,Female,57,D005,SEO Specialist,B.Tech,Pune,Maharashtra,2023-09-27,3,51-60
EMP01070,Aarav Kumar,Male,25,D001,Recruiter,MBA,Coimbatore,Tamil Nadu,2022-03-05,4,21-30
EMP01071,Meera Reddy,Male,24,D006,Supervisor,M.Sc,Mumbai,Maharashtra,2017-07-12,9,21-30
EMP01072,Aditya Kumar,Male,23,D004,Sales Executive,MCA,Chennai,Tamil Nadu,2024-12-04,2,21-30
EMP01073,Akash Rao,Male,54,D003,Data Analyst,M.Sc,Bengaluru,Karnataka,2023-08-30,3,51-60
EMP01074,Aditya Das,Female,57,D006,Supervisor,B.Sc,Pune,Maharashtra,2023-05-29,3,51-60
EMP01075,Priya Iyer,Male,42,D006,Operations Executive,MBA,Coimbatore,Tamil Nadu,2020-10-02,6,41-50
EMP01076,Aditya Gupta,Male,25,D005,Marketing Executive,B.Sc,Pune,Maharashtra,2023-12-27,3,21-30
EMP01077,Harini Reddy,Male,49,D006,Supervisor,MCA,Mumbai,Maharashtra,2019-01-18,7,41-50
EMP01078,Arjun Iyer,Male,29,D005,Marketing Executive,B.Tech,Hyderabad,Telangana,2024-08-02,2,21-30
EMP01079,Priya Mohan,Female,40,D001,HR Executive,M.Sc,Chennai,Tamil Nadu,2021-05-08,5,31-40
EMP01080,Varun Kumar,Female,27,D004,Sales Executive,MCA,Mumbai,Maharashtra,2019-11-16,7,21-30
EMP01081,Priya Menon,Female,45,D002,Financial Analyst,B.Tech,Coimbatore,Tamil Nadu,2021-05-16,5,41-50
EMP01082,Vivaan Reddy,Female,26,D005,SEO Specialist,B.Tech,Hyderabad,Telangana,2024-04-18,2,21-30
EMP01083,Meera Nair,Male,56,D001,HR Executive,M.Sc,Chennai,Tamil Nadu,2019-01-11,7,51-60
EMP01084,Varun Joseph,Male,46,D004,Sales Manager,B.Sc,Coimbatore,Tamil Nadu,2018-07-08,8,41-50
EMP01085,Arjun Kumar,Male,49,D006,Supervisor,B.Tech,Chennai,Tamil Nadu,2020-04-07,6,41-50
EMP01086,Diya Kumar,Female,42,D004,Sales Executive,MBA,Chennai,Tamil Nadu,2019-06-07,7,41-50
EMP01087,Rahul Sharma,Female,31,D006,Supervisor,M.Sc,Hyderabad,Telangana,2025-03-13,1,31-40
EMP01088,Ananya Gupta,Female,48,D006,Supervisor,MCA,Kochi,Kerala,2019-03-14,7,41-50
EMP01089,Aditya Reddy,Male,39,D005,SEO Specialist,MCA,Kochi,Kerala,2023-04-16,3,31-40
EMP01090,Diya Das,Female,42,D006,Supervisor,MBA,Chennai,Tamil Nadu,2017-08-07,9,41-50
EMP01091,Aditya Mohan,Female,49,D001,HR Executive,B.Sc,Coimbatore,Tamil Nadu,2024-07-05,2,41-50
EMP01092,Arjun Menon,Female,35,D005,Marketing Executive,M.Sc,Mumbai,Maharashtra,2018-06-08,8,31-40
EMP01093,Diya Mohan,Male,31,D003,SQL Developer,MCA,Pune,Maharashtra,2018-11-24,8,31-40
EMP01094,Nikhil Kumar,Female,48,D001,HR Executive,M.Sc,Mumbai,Maharashtra,2024-05-18,2,41-50
EMP01095,Arjun Patel,Male,35,D001,Recruiter,B.Sc,Chennai,Tamil Nadu,2023-04-12,3,31-40
EMP01096,Harini Joseph,Male,30,D006,Operations Executive,B.Tech,Chennai,Tamil Nadu,2021-08-21,5,21-30
EMP01097,Arjun Reddy,Female,32,D002,Accountant,B.Sc,Pune,Maharashtra,2019-11-14,7,31-40
EMP01098,Vignesh Singh,Male,38,D002,Accountant,B.Tech,Mumbai,Maharashtra,2021-03-31,5,31-40
EMP01099,Aarav Nair,Male,50,D006,Supervisor,MCA,Coimbatore,Tamil Nadu,2023-06-11,3,41-50
EMP01100,Sanjay Verma,Male,26,D006,Operations Executive,MCA,Kochi,Kerala,2019-02-05,7,21-30
EMP01101,Sneha Mohan,Male,50,D004,Sales Manager,M.Sc,Chennai,Tamil Nadu,2018-11-30,8,41-50
EMP01102,Vivaan Das,Female,58,D001,HR Executive,MCA,Mumbai,Maharashtra,2023-10-05,3,51-60
EMP01103,Sanjay Menon,Male,36,D004,Sales Executive,M.Sc,Mumbai,Maharashtra,2018-12-11,8,31-40
EMP01104,Aditya Menon,Female,50,D002,Accountant,B.Tech,Hyderabad,Telangana,2025-02-13,1,41-50
EMP01105,Sneha Das,Female,27,D006,Supervisor,MCA,Pune,Maharashtra,2019-10-03,7,21-30
EMP01106,Ananya Verma,Male,24,D001,HR Executive,B.Sc,Chennai,Tamil Nadu,2024-10-26,2,21-30
EMP01107,Vivaan Nair,Male,27,D004,Sales Executive,B.Tech,Chennai,Tamil Nadu,2020-07-23,6,21-30
EMP01108,Varun Sharma,Male,48,D001,Recruiter,B.Tech,Chennai,Tamil Nadu,2020-05-15,6,41-50
EMP01109,Vignesh Bose,Male,48,D006,Supervisor,B.Tech,Chennai,Tamil Nadu,2023-02-22,3,41-50
EMP01110,Diya Kumar,Male,58,D002,Accountant,M.Sc,Hyderabad,Telangana,2020-03-18,6,51-60
EMP01111,Aarav Singh,Male,51,D003,Data Analyst,B.Tech,Coimbatore,Tamil Nadu,2019-03-11,7,51-60
EMP01112,Arjun Gupta,Female,56,D006,Operations Executive,MBA,Coimbatore,Tamil Nadu,2020-11-14,6,51-60
EMP01113,Varun Mohan,Male,34,D002,Accountant,M.Sc,Coimbatore,Tamil Nadu,2023-08-05,3,31-40
EMP01114,Aarav Sharma,Female,54,D005,Marketing Executive,MCA,Kochi,Kerala,2017-12-31,9,51-60
EMP01115,Karthik Verma,Male,57,D002,Financial Analyst,MBA,Mumbai,Maharashtra,2024-09-23,2,51-60
EMP01116,Karthik Patel,Female,39,D001,HR Executive,MBA,Chennai,Tamil Nadu,2025-02-03,1,31-40
EMP01117,Harini Rao,Male,50,D002,Financial Analyst,MBA,Pune,Maharashtra,2021-11-09,5,41-50
EMP01118,Diya Singh,Male,24,D003,SQL Developer,MCA,Mumbai,Maharashtra,2021-08-18,5,21-30
EMP01119,Diya Bose,Male,47,D004,Sales Manager,M.Sc,Hyderabad,Telangana,2017-06-01,9,41-50
EMP01120,Ananya Kumar,Male,35,D005,SEO Specialist,MCA,Chennai,Tamil Nadu,2021-03-01,5,31-40
EMP01121,Sanjay Patel,Female,22,D004,Sales Manager,MCA,Bengaluru,Karnataka,2019-04-17,7,21-30
EMP01122,Akash Bose,Male,30,D001,Recruiter,MCA,Mumbai,Maharashtra,2018-02-19,8,21-30
EMP01123,Akash Patel,Female,46,D002,Financial Analyst,M.Sc,Kochi,Kerala,2024-03-17,2,41-50
EMP01124,Harini Nair,Male,49,D001,HR Executive,MCA,Bengaluru,Karnataka,2024-03-04,2,41-50
EMP01125,Harini Singh,Female,55,D003,Software Engineer,MBA,Mumbai,Maharashtra,2017-04-24,9,51-60
EMP01126,Akash Das,Male,46,D006,Supervisor,MBA,Chennai,Tamil Nadu,2021-10-06,5,41-50
EMP01127,Priya Kumar,Female,38,D006,Operations Executive,M.Sc,Chennai,Tamil Nadu,2019-05-01,7,31-40
EMP01128,Ananya Kumar,Female,34,D006,Operations Executive,MCA,Hyderabad,Telangana,2017-03-22,9,31-40
EMP01129,Sneha Rao,Female,48,D002,Accountant,M.Sc,Hyderabad,Telangana,2023-01-08,3,41-50
EMP01130,Sanjay Gupta,Male,35,D003,SQL Developer,MBA,Mumbai,Maharashtra,2020-07-17,6,31-40
EMP01131,Vivaan Menon,Female,25,D002,Financial Analyst,MCA,Hyderabad,Telangana,2025-02-11,1,21-30
EMP01132,Keerthi Nair,Male,42,D005,SEO Specialist,MBA,Bengaluru,Karnataka,2017-04-26,9,41-50
EMP01133,Aarav Das,Male,38,D006,Supervisor,B.Tech,Coimbatore,Tamil Nadu,2019-04-22,7,31-40
EMP01134,Aditya Mohan,Female,38,D003,Data Analyst,B.Tech,Kochi,Kerala,2017-02-02,9,31-40
EMP01135,Rahul Patel,Male,47,D005,SEO Specialist,B.Tech,Chennai,Tamil Nadu,2024-03-11,2,41-50
EMP01136,Rahul Iyer,Female,52,D002,Accountant,M.Sc,Chennai,Tamil Nadu,2018-01-30,8,51-60
EMP01137,Priya Rao,Female,42,D001,HR Executive,M.Sc,Kochi,Kerala,2023-09-13,3,41-50
EMP01138,Riya Patel,Female,38,D002,Financial Analyst,M.Sc,Mumbai,Maharashtra,2024-10-19,2,31-40
EMP01139,Priya Rao,Male,26,D002,Financial Analyst,B.Tech,Coimbatore,Tamil Nadu,2018-08-23,8,21-30
EMP01140,Aditya Mohan,Female,34,D002,Accountant,M.Sc,Kochi,Kerala,2017-12-05,9,31-40
EMP01141,Sneha Singh,Female,32,D004,Sales Manager,MBA,Pune,Maharashtra,2017-01-05,9,31-40
EMP01142,Aditya Joseph,Female,40,D006,Supervisor,B.Sc,Coimbatore,Tamil Nadu,2018-11-28,8,31-40
EMP01143,Aarav Menon,Female,23,D001,HR Executive,MBA,Mumbai,Maharashtra,2020-01-04,6,21-30
EMP01144,Karthik Kumar,Female,33,D003,Software Engineer,B.Tech,Coimbatore,Tamil Nadu,2024-05-17,2,31-40
EMP01145,Vivaan Patel,Female,33,D002,Financial Analyst,MCA,Bengaluru,Karnataka,2020-03-31,6,31-40
EMP01146,Ananya Iyer,Female,25,D003,Software Engineer,B.Sc,Mumbai,Maharashtra,2017-01-14,9,21-30
EMP01147,Rahul Mohan,Male,50,D004,Sales Manager,B.Tech,Pune,Maharashtra,2024-11-21,2,41-50
EMP01148,Varun Joseph,Female,34,D001,Recruiter,B.Sc,Coimbatore,Tamil Nadu,2025-01-12,1,31-40
EMP01149,Aarav Iyer,Female,55,D001,Recruiter,B.Tech,Pune,Maharashtra,2018-02-07,8,51-60
EMP01150,Rahul Das,Female,26,D002,Financial Analyst,MCA,Coimbatore,Tamil Nadu,2023-01-23,3,21-30
EMP01151,Sneha Verma,Male,36,D001,Recruiter,B.Sc,Chennai,Tamil Nadu,2023-09-21,3,31-40
EMP01152,Rahul Rao,Male,45,D003,Software Engineer,B.Sc,Chennai,Tamil Nadu,2019-11-11,7,41-50
EMP01153,Riya Patel,Male,55,D002,Financial Analyst,B.Sc,Mumbai,Maharashtra,2021-09-07,5,51-60
EMP01154,Priya Patel,Male,50,D001,Recruiter,M.Sc,Mumbai,Maharashtra,2021-12-28,5,41-50
EMP01155,Riya Bose,Female,32,D002,Accountant,MCA,Chennai,Tamil Nadu,2023-08-27,3,31-40
EMP01156,Ananya Reddy,Male,24,D001,Recruiter,B.Tech,Bengaluru,Karnataka,2019-05-29,7,21-30
EMP01157,Ananya Reddy,Female,34,D002,Financial Analyst,B.Tech,Coimbatore,Tamil Nadu,2021-12-12,5,31-40
EMP01158,Diya Joseph,Male,43,D003,Software Engineer,B.Sc,Mumbai,Maharashtra,2018-07-18,8,41-50
EMP01159,Daniel Das,Female,25,D004,Sales Manager,MBA,Hyderabad,Telangana,2024-01-23,2,21-30
EMP01160,Rahul Rao,Male,37,D005,Marketing Executive,B.Tech,Hyderabad,Telangana,2020-03-07,6,31-40
EMP01161,Aarav Das,Male,47,D001,Recruiter,B.Tech,Coimbatore,Tamil Nadu,2023-06-18,3,41-50
EMP01162,Aarav Patel,Female,33,D006,Supervisor,MBA,Chennai,Tamil Nadu,2020-12-24,6,31-40
EMP01163,Sanjay Bose,Female,35,D003,Data Analyst,B.Tech,Coimbatore,Tamil Nadu,2019-11-23,7,31-40
EMP01164,Vivaan Patel,Female,56,D005,SEO Specialist,M.Sc,Hyderabad,Telangana,2017-08-23,9,51-60
EMP01165,Sanjay Nair,Male,28,D005,Marketing Executive,B.Tech,Kochi,Kerala,2017-02-02,9,21-30
EMP01166,Daniel Reddy,Female,27,D004,Sales Manager,MCA,Kochi,Kerala,2021-03-20,5,21-30
EMP01167,Rahul Iyer,Male,39,D005,Marketing Executive,M.Sc,Pune,Maharashtra,2019-08-03,7,31-40
EMP01168,Riya Das,Male,45,D004,Sales Executive,MCA,Chennai,Tamil Nadu,2020-04-12,6,41-50
EMP01169,Meera Bose,Male,44,D006,Operations Executive,MCA,Bengaluru,Karnataka,2023-06-10,3,41-50
EMP01170,Ananya Singh,Male,35,D004,Sales Executive,B.Sc,Kochi,Kerala,2024-02-15,2,31-40
EMP01171,Varun Reddy,Male,53,D002,Accountant,B.Sc,Mumbai,Maharashtra,2020-11-07,6,51-60
EMP01172,Aditya Reddy,Female,46,D003,SQL Developer,B.Sc,Chennai,Tamil Nadu,2020-09-18,6,41-50
EMP01173,Vivaan Rao,Male,47,D002,Financial Analyst,B.Tech,Kochi,Kerala,2021-04-22,5,41-50
EMP01174,Varun Gupta,Male,54,D004,Sales Executive,M.Sc,Coimbatore,Tamil Nadu,2021-12-24,5,51-60
EMP01175,Varun Patel,Male,23,D002,Financial Analyst,MBA,Bengaluru,Karnataka,2018-01-04,8,21-30
EMP01176,Rahul Patel,Male,27,D006,Supervisor,M.Sc,Coimbatore,Tamil Nadu,2019-01-05,7,21-30
EMP01177,Sanjay Rao,Female,54,D004,Sales Executive,B.Sc,Bengaluru,Karnataka,2018-02-01,8,51-60
EMP01178,Vivaan Mohan,Female,23,D006,Supervisor,B.Sc,Coimbatore,Tamil Nadu,2018-11-11,8,21-30
EMP01179,Ananya Reddy,Female,22,D004,Sales Manager,M.Sc,Coimbatore,Tamil Nadu,2020-05-22,6,21-30
EMP01180,Karthik Mohan,Male,40,D006,Operations Executive,B.Sc,Pune,Maharashtra,2022-07-02,4,31-40
EMP01181,Aditya Das,Female,55,D004,Sales Executive,B.Sc,Bengaluru,Karnataka,2020-10-24,6,51-60
EMP01182,Priya Iyer,Female,33,D003,SQL Developer,B.Sc,Mumbai,Maharashtra,2017-05-12,9,31-40
EMP01183,Akash Singh,Female,24,D006,Operations Executive,MCA,Chennai,Tamil Nadu,2023-08-26,3,21-30
EMP01184,Aditya Bose,Male,37,D004,Sales Executive,B.Sc,Bengaluru,Karnataka,2019-08-16,7,31-40
EMP01185,Sanjay Sharma,Male,45,D004,Sales Executive,B.Sc,Pune,Maharashtra,2017-01-25,9,41-50
EMP01186,Diya Rao,Female,43,D005,SEO Specialist,B.Sc,Hyderabad,Telangana,2021-12-19,5,41-50
EMP01187,Riya Gupta,Male,56,D002,Accountant,M.Sc,Coimbatore,Tamil Nadu,2024-12-30,2,51-60
EMP01188,Harini Verma,Female,56,D002,Accountant,MBA,Chennai,Tamil Nadu,2019-10-23,7,51-60
EMP01189,Meera Nair,Female,23,D003,Data Analyst,B.Sc,Hyderabad,Telangana,2024-05-18,2,21-30
EMP01190,Sanjay Gupta,Female,24,D006,Supervisor,M.Sc,Pune,Maharashtra,2021-05-17,5,21-30
EMP01191,Priya Nair,Female,27,D003,Software Engineer,B.Tech,Chennai,Tamil Nadu,2021-03-17,5,21-30
EMP01192,Meera Bose,Male,30,D006,Operations Executive,M.Sc,Pune,Maharashtra,2020-08-08,6,21-30
EMP01193,Ananya Nair,Male,48,D004,Sales Executive,B.Tech,Pune,Maharashtra,2018-03-25,8,41-50
EMP01194,Riya Iyer,Male,54,D003,SQL Developer,B.Tech,Hyderabad,Telangana,2023-11-03,3,51-60
EMP01195,Riya Rao,Female,32,D001,Recruiter,MBA,Bengaluru,Karnataka,2020-10-21,6,31-40
EMP01196,Aditya Kumar,Female,22,D005,SEO Specialist,B.Tech,Mumbai,Maharashtra,2024-07-07,2,21-30
EMP01197,Aditya Rao,Female,45,D001,Recruiter,MCA,Kochi,Kerala,2018-03-27,8,41-50
EMP01198,Arjun Sharma,Male,40,D001,HR Executive,MCA,Chennai,Tamil Nadu,2020-04-08,6,31-40
EMP01199,Varun Verma,Male,47,D004,Sales Manager,B.Sc,Bengaluru,Karnataka,2024-02-12,2,41-50
EMP01200,Diya Reddy,Female,24,D003,SQL Developer,M.Sc,Kochi,Kerala,2021-11-23,5,21-30
EMP01201,Nikhil Das,Female,43,D005,SEO Specialist,B.Sc,Chennai,Tamil Nadu,2019-10-14,7,41-50
EMP01202,Vivaan Sharma,Female,45,D004,Sales Manager,B.Tech,Coimbatore,Tamil Nadu,2020-08-25,6,41-50
EMP01203,Daniel Verma,Male,38,D004,Sales Executive,M.Sc,Kochi,Kerala,2024-12-26,2,31-40
EMP01204,Daniel Gupta,Female,38,D006,Supervisor,MBA,Kochi,Kerala,2024-03-17,2,31-40
EMP01205,Daniel Joseph,Female,53,D003,Software Engineer,B.Tech,Hyderabad,Telangana,2024-04-03,2,51-60
EMP01206,Keerthi Patel,Female,29,D001,HR Executive,B.Sc,Coimbatore,Tamil Nadu,2021-07-02,5,21-30
EMP01207,Sneha Menon,Male,57,D003,SQL Developer,B.Tech,Hyderabad,Telangana,2023-12-01,3,51-60
EMP01208,Sanjay Nair,Male,54,D004,Sales Executive,B.Sc,Bengaluru,Karnataka,2024-06-21,2,51-60
EMP01209,Akash Mohan,Female,51,D002,Accountant,B.Tech,Mumbai,Maharashtra,2024-03-21,2,51-60
EMP01210,Meera Iyer,Female,41,D006,Supervisor,B.Sc,Kochi,Kerala,2017-05-20,9,41-50
EMP01211,Vivaan Gupta,Female,28,D005,SEO Specialist,MBA,Bengaluru,Karnataka,2024-07-20,2,21-30
EMP01212,Vivaan Sharma,Female,54,D006,Operations Executive,M.Sc,Hyderabad,Telangana,2018-05-06,8,51-60
EMP01213,Vivaan Gupta,Male,37,D006,Supervisor,M.Sc,Bengaluru,Karnataka,2021-10-29,5,31-40
EMP01214,Riya Bose,Male,47,D005,Marketing Executive,MCA,Chennai,Tamil Nadu,2020-07-18,6,41-50
EMP01215,Karthik Menon,Male,31,D004,Sales Manager,MBA,Pune,Maharashtra,2024-10-28,2,31-40
EMP01216,Harini Das,Male,44,D002,Financial Analyst,M.Sc,Hyderabad,Telangana,2018-09-09,8,41-50
EMP01217,Arjun Verma,Female,25,D006,Operations Executive,MCA,Bengaluru,Karnataka,2021-11-16,5,21-30
EMP01218,Daniel Bose,Female,24,D002,Accountant,MCA,Kochi,Kerala,2024-05-10,2,21-30
EMP01219,Vivaan Sharma,Female,39,D006,Operations Executive,MCA,Chennai,Tamil Nadu,2020-12-08,6,31-40
EMP01220,Varun Das,Male,38,D005,Marketing Executive,MBA,Pune,Maharashtra,2022-12-18,4,31-40
EMP01221,Sneha Mohan,Male,41,D001,Recruiter,M.Sc,Coimbatore,Tamil Nadu,2022-07-07,4,41-50
EMP01222,Meera Nair,Male,47,D001,HR Executive,B.Sc,Bengaluru,Karnataka,2022-02-27,4,41-50
EMP01223,Keerthi Mohan,Female,39,D003,Data Analyst,B.Sc,Pune,Maharashtra,2019-04-10,7,31-40
EMP01224,Arjun Verma,Female,22,D006,Operations Executive,B.Tech,Hyderabad,Telangana,2023-02-11,3,21-30
EMP01225,Nikhil Verma,Female,31,D002,Accountant,M.Sc,Chennai,Tamil Nadu,2020-03-19,6,31-40
EMP01226,Aarav Verma,Female,33,D005,Marketing Executive,B.Sc,Mumbai,Maharashtra,2020-04-28,6,31-40
EMP01227,Sanjay Singh,Male,22,D002,Financial Analyst,B.Tech,Mumbai,Maharashtra,2023-10-16,3,21-30
EMP01228,Aditya Bose,Female,49,D002,Accountant,M.Sc,Bengaluru,Karnataka,2024-08-08,2,41-50
EMP01229,Meera Nair,Male,42,D005,SEO Specialist,MBA,Chennai,Tamil Nadu,2025-01-29,1,41-50
EMP01230,Harini Gupta,Male,40,D002,Accountant,B.Tech,Chennai,Tamil Nadu,2019-05-25,7,31-40
EMP01231,Priya Joseph,Female,37,D005,SEO Specialist,MBA,Chennai,Tamil Nadu,2025-01-14,1,31-40
EMP01232,Vignesh Das,Male,53,D004,Sales Executive,B.Tech,Chennai,Tamil Nadu,2019-08-28,7,51-60
EMP01233,Priya Verma,Male,53,D003,SQL Developer,MCA,Mumbai,Maharashtra,2018-01-09,8,51-60
EMP01234,Sanjay Sharma,Male,42,D001,HR Executive,B.Tech,Coimbatore,Tamil Nadu,2024-11-23,2,41-50
EMP01235,Arjun Verma,Male,49,D001,HR Executive,M.Sc,Coimbatore,Tamil Nadu,2018-08-19,8,41-50
EMP01236,Akash Mohan,Female,29,D002,Accountant,MCA,Pune,Maharashtra,2018-05-17,8,21-30
EMP01237,Arjun Bose,Male,35,D006,Operations Executive,MBA,Chennai,Tamil Nadu,2020-06-05,6,31-40
EMP01238,Vignesh Das,Female,33,D002,Accountant,MBA,Chennai,Tamil Nadu,2022-12-28,4,31-40
EMP01239,Priya Sharma,Male,55,D004,Sales Manager,B.Tech,Bengaluru,Karnataka,2020-03-11,6,51-60
EMP01240,Nikhil Patel,Female,46,D004,Sales Manager,B.Sc,Chennai,Tamil Nadu,2020-01-30,6,41-50
EMP01241,Aarav Rao,Male,49,D004,Sales Executive,MBA,Bengaluru,Karnataka,2024-01-26,2,41-50
EMP01242,Vivaan Rao,Female,45,D004,Sales Executive,MBA,Pune,Maharashtra,2024-09-24,2,41-50
EMP01243,Daniel Das,Male,29,D005,Marketing Executive,MCA,Chennai,Tamil Nadu,2017-07-04,9,21-30
EMP01244,Aditya Reddy,Male,25,D005,Marketing Executive,MCA,Kochi,Kerala,2017-01-13,9,21-30
EMP01245,Varun Rao,Male,33,D002,Financial Analyst,M.Sc,Pune,Maharashtra,2023-05-10,3,31-40
EMP01246,Meera Menon,Female,36,D006,Operations Executive,MBA,Coimbatore,Tamil Nadu,2025-01-02,1,31-40
EMP01247,Aarav Singh,Male,28,D006,Supervisor,MCA,Kochi,Kerala,2017-08-13,9,21-30
EMP01248,Aditya Reddy,Female,54,D003,SQL Developer,MBA,Mumbai,Maharashtra,2022-06-15,4,51-60
EMP01249,Varun Singh,Male,52,D002,Financial Analyst,B.Tech,Bengaluru,Karnataka,2020-02-07,6,51-60
EMP01250,Aditya Verma,Male,56,D002,Financial Analyst,MCA,Hyderabad,Telangana,2017-03-17,9,51-60
EMP01251,Ananya Mohan,Male,29,D006,Operations Executive,MCA,Chennai,Tamil Nadu,2022-10-02,4,21-30
EMP01252,Ananya Rao,Male,39,D003,Software Engineer,MCA,Hyderabad,Telangana,2018-07-04,8,31-40
EMP01253,Priya Sharma,Female,42,D003,Software Engineer,MBA,Hyderabad,Telangana,2023-05-12,3,41-50
EMP01254,Ananya Kumar,Female,46,D001,HR Executive,B.Sc,Hyderabad,Telangana,2023-11-30,3,41-50
EMP01255,Akash Das,Male,46,D003,SQL Developer,B.Tech,Mumbai,Maharashtra,2020-03-01,6,41-50
EMP01256,Sneha Nair,Male,40,D001,Recruiter,M.Sc,Mumbai,Maharashtra,2017-05-12,9,31-40
EMP01257,Akash Verma,Male,45,D005,Marketing Executive,M.Sc,Kochi,Kerala,2023-10-28,3,41-50
EMP01258,Rahul Patel,Male,28,D005,SEO Specialist,MCA,Pune,Maharashtra,2019-11-02,7,21-30
EMP01259,Harini Menon,Male,40,D006,Operations Executive,B.Sc,Pune,Maharashtra,2017-09-07,9,31-40
EMP01260,Sanjay Sharma,Male,44,D005,SEO Specialist,MCA,Kochi,Kerala,2020-01-02,6,41-50
EMP01261,Akash Verma,Female,45,D004,Sales Manager,MBA,Chennai,Tamil Nadu,2022-11-28,4,41-50
EMP01262,Meera Kumar,Female,45,D004,Sales Executive,B.Sc,Mumbai,Maharashtra,2020-10-14,6,41-50
EMP01263,Sneha Nair,Female,48,D001,HR Executive,MBA,Coimbatore,Tamil Nadu,2024-03-24,2,41-50
EMP01264,Aditya Sharma,Male,53,D005,Marketing Executive,MCA,Mumbai,Maharashtra,2021-11-14,5,51-60
EMP01265,Aarav Das,Female,31,D001,HR Executive,B.Sc,Coimbatore,Tamil Nadu,2018-08-05,8,31-40
EMP01266,Ananya Das,Male,43,D005,SEO Specialist,MBA,Hyderabad,Telangana,2024-04-06,2,41-50
EMP01267,Karthik Singh,Male,23,D006,Operations Executive,B.Tech,Mumbai,Maharashtra,2018-01-18,8,21-30
EMP01268,Sneha Sharma,Male,52,D004,Sales Executive,MBA,Coimbatore,Tamil Nadu,2019-08-13,7,51-60
EMP01269,Diya Reddy,Female,44,D002,Accountant,MCA,Bengaluru,Karnataka,2024-12-09,2,41-50
EMP01270,Priya Reddy,Female,37,D003,SQL Developer,MBA,Bengaluru,Karnataka,2022-09-09,4,31-40
EMP01271,Vivaan Menon,Female,34,D004,Sales Executive,B.Sc,Chennai,Tamil Nadu,2017-03-11,9,31-40
EMP01272,Karthik Joseph,Female,40,D001,Recruiter,MBA,Bengaluru,Karnataka,2024-01-23,2,31-40
EMP01273,Sanjay Patel,Male,32,D003,Software Engineer,MCA,Bengaluru,Karnataka,2021-11-20,5,31-40
EMP01274,Arjun Kumar,Male,24,D001,HR Executive,B.Sc,Hyderabad,Telangana,2022-10-11,4,21-30
EMP01275,Aarav Verma,Male,29,D001,Recruiter,B.Tech,Mumbai,Maharashtra,2019-09-04,7,21-30
EMP01276,Diya Gupta,Male,27,D002,Accountant,B.Tech,Pune,Maharashtra,2021-08-11,5,21-30
EMP01277,Varun Verma,Male,23,D004,Sales Executive,MCA,Kochi,Kerala,2021-07-28,5,21-30
EMP01278,Vignesh Nair,Female,49,D004,Sales Executive,B.Sc,Bengaluru,Karnataka,2017-03-06,9,41-50
EMP01279,Arjun Bose,Male,31,D006,Supervisor,M.Sc,Hyderabad,Telangana,2023-12-26,3,31-40
EMP01280,Sanjay Singh,Male,37,D002,Financial Analyst,B.Tech,Kochi,Kerala,2022-06-19,4,31-40
EMP01281,Rahul Reddy,Female,37,D003,SQL Developer,MBA,Mumbai,Maharashtra,2024-06-08,2,31-40
EMP01282,Sanjay Verma,Male,25,D006,Operations Executive,B.Sc,Coimbatore,Tamil Nadu,2022-12-01,4,21-30
EMP01283,Meera Gupta,Female,55,D003,Data Analyst,MBA,Chennai,Tamil Nadu,2020-03-01,6,51-60
EMP01284,Sanjay Verma,Male,40,D003,Software Engineer,M.Sc,Chennai,Tamil Nadu,2020-04-24,6,31-40
EMP01285,Arjun Iyer,Female,31,D002,Financial Analyst,M.Sc,Chennai,Tamil Nadu,2020-10-02,6,31-40
EMP01286,Daniel Iyer,Female,51,D004,Sales Executive,B.Sc,Coimbatore,Tamil Nadu,2018-12-24,8,51-60
EMP01287,Keerthi Sharma,Female,38,D006,Operations Executive,B.Tech,Hyderabad,Telangana,2024-05-23,2,31-40
EMP01288,Sanjay Bose,Female,55,D004,Sales Executive,MBA,Bengaluru,Karnataka,2024-07-08,2,51-60
EMP01289,Meera Nair,Male,38,D006,Supervisor,MBA,Bengaluru,Karnataka,2018-11-06,8,31-40
EMP01290,Sanjay Das,Female,51,D003,Software Engineer,B.Tech,Chennai,Tamil Nadu,2021-03-31,5,51-60
EMP01291,Priya Menon,Female,26,D001,Recruiter,B.Sc,Pune,Maharashtra,2024-09-08,2,21-30
EMP01292,Priya Verma,Male,40,D001,HR Executive,MCA,Coimbatore,Tamil Nadu,2023-02-14,3,31-40
EMP01293,Keerthi Nair,Female,57,D006,Operations Executive,MCA,Hyderabad,Telangana,2024-01-26,2,51-60
EMP01294,Nikhil Nair,Female,58,D006,Supervisor,M.Sc,Bengaluru,Karnataka,2023-06-08,3,51-60
EMP01295,Meera Nair,Female,46,D004,Sales Manager,MCA,Coimbatore,Tamil Nadu,2024-10-20,2,41-50
EMP01296,Rahul Singh,Male,39,D001,Recruiter,M.Sc,Kochi,Kerala,2018-04-27,8,31-40
EMP01297,Harini Gupta,Female,33,D003,Data Analyst,B.Tech,Hyderabad,Telangana,2018-02-05,8,31-40
EMP01298,Aarav Verma,Female,58,D001,HR Executive,MCA,Mumbai,Maharashtra,2018-10-12,8,51-60
EMP01299,Nikhil Mohan,Male,25,D005,Marketing Executive,MBA,Kochi,Kerala,2020-11-23,6,21-30
EMP01300,Akash Rao,Female,55,D003,Software Engineer,MBA,Coimbatore,Tamil Nadu,2018-08-27,8,51-60
EMP01301,Aarav Bose,Male,23,D003,Software Engineer,B.Tech,Chennai,Tamil Nadu,2023-06-18,3,21-30
EMP01302,Diya Rao,Female,53,D003,SQL Developer,MBA,Bengaluru,Karnataka,2019-08-03,7,51-60
EMP01303,Riya Menon,Male,24,D003,Data Analyst,B.Sc,Kochi,Kerala,2021-05-28,5,21-30
EMP01304,Varun Joseph,Female,58,D002,Accountant,B.Tech,Coimbatore,Tamil Nadu,2023-01-12,3,51-60
EMP01305,Karthik Das,Female,48,D006,Operations Executive,B.Tech,Kochi,Kerala,2017-02-19,9,41-50
EMP01306,Aarav Patel,Male,38,D003,Data Analyst,MBA,Mumbai,Maharashtra,2022-04-19,4,31-40
EMP01307,Priya Verma,Female,26,D005,SEO Specialist,MCA,Chennai,Tamil Nadu,2019-08-22,7,21-30
EMP01308,Aditya Verma,Female,42,D001,Recruiter,M.Sc,Chennai,Tamil Nadu,2019-09-27,7,41-50
EMP01309,Ananya Reddy,Male,54,D001,HR Executive,MCA,Bengaluru,Karnataka,2021-06-18,5,51-60
EMP01310,Aditya Gupta,Male,27,D005,SEO Specialist,M.Sc,Kochi,Kerala,2020-07-17,6,21-30
EMP01311,Meera Rao,Male,50,D004,Sales Executive,B.Sc,Bengaluru,Karnataka,2021-03-28,5,41-50
EMP01312,Sanjay Iyer,Female,40,D005,Marketing Executive,M.Sc,Bengaluru,Karnataka,2022-11-30,4,31-40
EMP01313,Priya Singh,Female,45,D003,Data Analyst,B.Sc,Pune,Maharashtra,2018-04-06,8,41-50
EMP01314,Akash Mohan,Male,43,D006,Operations Executive,MCA,Bengaluru,Karnataka,2023-05-15,3,41-50
EMP01315,Sanjay Kumar,Female,30,D002,Financial Analyst,B.Tech,Bengaluru,Karnataka,2021-10-07,5,21-30
EMP01316,Diya Rao,Male,57,D001,Recruiter,B.Tech,Hyderabad,Telangana,2017-03-01,9,51-60
EMP01317,Riya Iyer,Male,49,D003,Software Engineer,MCA,Chennai,Tamil Nadu,2021-06-27,5,41-50
EMP01318,Diya Joseph,Male,37,D001,Recruiter,M.Sc,Chennai,Tamil Nadu,2019-09-21,7,31-40
EMP01319,Priya Mohan,Female,35,D006,Supervisor,B.Tech,Kochi,Kerala,2020-03-14,6,31-40
EMP01320,Sanjay Sharma,Male,56,D002,Financial Analyst,MCA,Bengaluru,Karnataka,2023-03-02,3,51-60
EMP01321,Priya Gupta,Female,25,D002,Accountant,B.Sc,Kochi,Kerala,2017-12-16,9,21-30
EMP01322,Sneha Mohan,Male,31,D003,SQL Developer,B.Tech,Mumbai,Maharashtra,2020-02-04,6,31-40
EMP01323,Akash Menon,Male,38,D002,Accountant,MCA,Kochi,Kerala,2022-05-14,4,31-40
EMP01324,Priya Singh,Female,52,D005,SEO Specialist,MBA,Bengaluru,Karnataka,2019-02-04,7,51-60
EMP01325,Rahul Sharma,Female,43,D003,Data Analyst,B.Sc,Bengaluru,Karnataka,2017-06-07,9,41-50
EMP01326,Sneha Reddy,Male,58,D004,Sales Manager,MBA,Coimbatore,Tamil Nadu,2022-01-01,4,51-60
EMP01327,Priya Singh,Female,51,D004,Sales Executive,MCA,Mumbai,Maharashtra,2017-12-15,9,51-60
EMP01328,Diya Reddy,Female,35,D006,Supervisor,MCA,Pune,Maharashtra,2024-03-22,2,31-40
EMP01329,Keerthi Nair,Female,22,D005,SEO Specialist,B.Tech,Mumbai,Maharashtra,2019-09-11,7,21-30
EMP01330,Rahul Iyer,Female,56,D001,Recruiter,MBA,Pune,Maharashtra,2021-10-25,5,51-60
EMP01331,Harini Rao,Female,47,D002,Accountant,B.Tech,Mumbai,Maharashtra,2018-08-02,8,41-50
EMP01332,Meera Mohan,Male,58,D002,Financial Analyst,B.Tech,Bengaluru,Karnataka,2023-04-01,3,51-60
EMP01333,Karthik Nair,Female,57,D005,SEO Specialist,M.Sc,Hyderabad,Telangana,2021-08-05,5,51-60
EMP01334,Ananya Singh,Female,48,D001,HR Executive,B.Sc,Kochi,Kerala,2023-04-10,3,41-50
EMP01335,Arjun Rao,Male,29,D002,Financial Analyst,MBA,Kochi,Kerala,2018-01-07,8,21-30
EMP01336,Vivaan Bose,Male,40,D006,Supervisor,M.Sc,Kochi,Kerala,2022-01-31,4,31-40
EMP01337,Diya Bose,Female,37,D002,Accountant,B.Tech,Bengaluru,Karnataka,2020-02-19,6,31-40
EMP01338,Aditya Rao,Female,35,D003,Software Engineer,B.Sc,Bengaluru,Karnataka,2020-01-05,6,31-40
EMP01339,Varun Singh,Male,22,D003,SQL Developer,M.Sc,Bengaluru,Karnataka,2018-03-30,8,21-30
EMP01340,Nikhil Bose,Male,37,D006,Supervisor,B.Sc,Bengaluru,Karnataka,2023-02-22,3,31-40
EMP01341,Nikhil Sharma,Male,54,D006,Supervisor,M.Sc,Chennai,Tamil Nadu,2022-06-10,4,51-60
EMP01342,Riya Joseph,Male,41,D002,Financial Analyst,B.Tech,Hyderabad,Telangana,2024-09-16,2,41-50
EMP01343,Vignesh Sharma,Female,51,D004,Sales Manager,M.Sc,Bengaluru,Karnataka,2021-02-20,5,51-60
EMP01344,Harini Gupta,Male,41,D003,Software Engineer,M.Sc,Bengaluru,Karnataka,2018-09-09,8,41-50
EMP01345,Meera Rao,Male,51,D005,Marketing Executive,MBA,Coimbatore,Tamil Nadu,2022-11-16,4,51-60
EMP01346,Daniel Das,Male,28,D004,Sales Manager,B.Sc,Kochi,Kerala,2023-05-22,3,21-30
EMP01347,Priya Menon,Male,48,D005,Marketing Executive,B.Sc,Coimbatore,Tamil Nadu,2022-08-07,4,41-50
EMP01348,Akash Das,Female,30,D006,Supervisor,M.Sc,Coimbatore,Tamil Nadu,2017-01-29,9,21-30
EMP01349,Akash Kumar,Male,46,D005,SEO Specialist,M.Sc,Chennai,Tamil Nadu,2023-07-23,3,41-50
EMP01350,Nikhil Menon,Male,57,D001,Recruiter,MBA,Pune,Maharashtra,2017-08-04,9,51-60
EMP01351,Meera Rao,Female,39,D003,Data Analyst,MCA,Kochi,Kerala,2024-05-12,2,31-40
EMP01352,Keerthi Iyer,Male,40,D003,SQL Developer,B.Sc,Coimbatore,Tamil Nadu,2022-08-09,4,31-40
EMP01353,Priya Bose,Male,57,D006,Operations Executive,MCA,Kochi,Kerala,2018-09-09,8,51-60
EMP01354,Sneha Nair,Female,43,D002,Accountant,M.Sc,Bengaluru,Karnataka,2023-07-24,3,41-50
EMP01355,Meera Joseph,Male,50,D003,Data Analyst,B.Tech,Mumbai,Maharashtra,2022-02-16,4,41-50
EMP01356,Riya Kumar,Female,40,D004,Sales Manager,MCA,Kochi,Kerala,2024-03-12,2,31-40
EMP01357,Meera Singh,Female,23,D003,Data Analyst,MCA,Coimbatore,Tamil Nadu,2022-02-12,4,21-30
EMP01358,Harini Verma,Male,28,D006,Supervisor,B.Tech,Coimbatore,Tamil Nadu,2023-01-09,3,21-30
EMP01359,Priya Nair,Female,24,D001,Recruiter,B.Tech,Coimbatore,Tamil Nadu,2022-01-11,4,21-30
EMP01360,Vignesh Mohan,Male,34,D001,Recruiter,MCA,Kochi,Kerala,2024-06-24,2,31-40
EMP01361,Priya Menon,Male,27,D006,Supervisor,B.Tech,Mumbai,Maharashtra,2023-06-13,3,21-30
EMP01362,Keerthi Singh,Female,34,D006,Supervisor,B.Sc,Hyderabad,Telangana,2023-01-01,3,31-40
EMP01363,Arjun Verma,Female,54,D006,Supervisor,MCA,Pune,Maharashtra,2020-01-18,6,51-60
EMP01364,Varun Iyer,Female,39,D002,Accountant,B.Sc,Pune,Maharashtra,2018-01-22,8,31-40
EMP01365,Sneha Rao,Male,39,D003,SQL Developer,B.Tech,Coimbatore,Tamil Nadu,2017-12-22,9,31-40
EMP01366,Diya Mohan,Female,56,D005,SEO Specialist,MBA,Mumbai,Maharashtra,2018-09-20,8,51-60
EMP01367,Arjun Verma,Male,38,D003,Software Engineer,MCA,Chennai,Tamil Nadu,2017-11-03,9,31-40
EMP01368,Aarav Rao,Male,43,D006,Operations Executive,MCA,Chennai,Tamil Nadu,2017-09-05,9,41-50
EMP01369,Keerthi Reddy,Male,40,D001,Recruiter,B.Tech,Kochi,Kerala,2019-12-27,7,31-40
EMP01370,Karthik Menon,Male,49,D005,Marketing Executive,M.Sc,Pune,Maharashtra,2018-10-26,8,41-50
EMP01371,Rahul Iyer,Female,46,D003,Software Engineer,MBA,Chennai,Tamil Nadu,2022-08-06,4,41-50
EMP01372,Sanjay Das,Female,45,D005,SEO Specialist,MBA,Pune,Maharashtra,2019-03-16,7,41-50
EMP01373,Meera Singh,Male,24,D002,Accountant,B.Tech,Chennai,Tamil Nadu,2019-02-06,7,21-30
EMP01374,Daniel Nair,Female,47,D004,Sales Manager,MBA,Pune,Maharashtra,2021-01-17,5,41-50
EMP01375,Diya Iyer,Male,36,D002,Financial Analyst,MBA,Kochi,Kerala,2020-09-16,6,31-40
EMP01376,Daniel Bose,Female,42,D005,SEO Specialist,B.Tech,Coimbatore,Tamil Nadu,2024-09-05,2,41-50
EMP01377,Riya Sharma,Female,50,D001,HR Executive,MCA,Mumbai,Maharashtra,2021-02-08,5,41-50
EMP01378,Karthik Gupta,Male,53,D002,Accountant,MCA,Kochi,Kerala,2019-04-14,7,51-60
EMP01379,Nikhil Singh,Male,25,D002,Financial Analyst,B.Sc,Mumbai,Maharashtra,2022-07-10,4,21-30
EMP01380,Sanjay Patel,Male,51,D002,Financial Analyst,B.Tech,Chennai,Tamil Nadu,2022-08-31,4,51-60
EMP01381,Daniel Kumar,Male,23,D002,Accountant,MBA,Coimbatore,Tamil Nadu,2019-06-23,7,21-30
EMP01382,Varun Das,Female,49,D001,Recruiter,M.Sc,Chennai,Tamil Nadu,2024-06-15,2,41-50
EMP01383,Aditya Singh,Male,28,D004,Sales Manager,B.Tech,Coimbatore,Tamil Nadu,2021-09-29,5,21-30
EMP01384,Sanjay Bose,Female,34,D005,Marketing Executive,M.Sc,Hyderabad,Telangana,2017-06-17,9,31-40
EMP01385,Meera Kumar,Male,53,D005,SEO Specialist,B.Tech,Chennai,Tamil Nadu,2018-04-09,8,51-60
EMP01386,Keerthi Nair,Female,53,D001,HR Executive,B.Tech,Kochi,Kerala,2017-09-01,9,51-60
EMP01387,Vignesh Rao,Male,48,D004,Sales Manager,MCA,Pune,Maharashtra,2019-06-22,7,41-50
EMP01388,Aarav Verma,Male,44,D004,Sales Executive,MBA,Kochi,Kerala,2020-10-24,6,41-50
EMP01389,Sanjay Nair,Female,58,D002,Financial Analyst,MBA,Bengaluru,Karnataka,2017-03-06,9,51-60
EMP01390,Sanjay Joseph,Male,22,D005,SEO Specialist,MCA,Bengaluru,Karnataka,2018-09-30,8,21-30
EMP01391,Karthik Nair,Male,53,D001,Recruiter,M.Sc,Mumbai,Maharashtra,2021-05-09,5,51-60
EMP01392,Sanjay Bose,Female,24,D003,SQL Developer,M.Sc,Chennai,Tamil Nadu,2024-08-17,2,21-30
EMP01393,Akash Sharma,Male,23,D006,Operations Executive,MBA,Coimbatore,Tamil Nadu,2020-07-05,6,21-30
EMP01394,Sanjay Singh,Male,53,D002,Accountant,MCA,Coimbatore,Tamil Nadu,2024-03-27,2,51-60
EMP01395,Harini Gupta,Male,45,D003,SQL Developer,B.Sc,Kochi,Kerala,2024-10-28,2,41-50
EMP01396,Sanjay Iyer,Female,53,D006,Operations Executive,MCA,Coimbatore,Tamil Nadu,2019-05-09,7,51-60
EMP01397,Vivaan Mohan,Male,27,D001,Recruiter,B.Tech,Chennai,Tamil Nadu,2018-10-18,8,21-30
EMP01398,Varun Das,Male,37,D001,Recruiter,MCA,Coimbatore,Tamil Nadu,2018-12-13,8,31-40
EMP01399,Diya Rao,Female,48,D002,Accountant,MBA,Pune,Maharashtra,2020-05-12,6,41-50
EMP01400,Nikhil Singh,Female,34,D003,Software Engineer,B.Tech,Hyderabad,Telangana,2020-08-16,6,31-40
EMP01401,Varun Mohan,Male,32,D003,Data Analyst,B.Tech,Hyderabad,Telangana,2023-11-23,3,31-40
EMP01402,Ananya Sharma,Male,45,D002,Accountant,MCA,Mumbai,Maharashtra,2023-11-09,3,41-50
EMP01403,Priya Das,Male,29,D004,Sales Executive,MCA,Mumbai,Maharashtra,2017-10-09,9,21-30
EMP01404,Daniel Iyer,Female,32,D002,Financial Analyst,B.Tech,Pune,Maharashtra,2020-04-15,6,31-40
EMP01405,Diya Bose,Male,44,D005,SEO Specialist,MBA,Bengaluru,Karnataka,2020-02-14,6,41-50
EMP01406,Priya Verma,Male,33,D006,Supervisor,B.Tech,Kochi,Kerala,2022-09-22,4,31-40
EMP01407,Ananya Kumar,Female,26,D001,HR Executive,B.Sc,Hyderabad,Telangana,2023-05-27,3,21-30
EMP01408,Daniel Menon,Male,30,D003,Software Engineer,MCA,Kochi,Kerala,2021-02-10,5,21-30
EMP01409,Diya Joseph,Female,32,D001,Recruiter,MBA,Bengaluru,Karnataka,2022-12-02,4,31-40
EMP01410,Aditya Singh,Male,26,D004,Sales Executive,MCA,Coimbatore,Tamil Nadu,2018-11-05,8,21-30
EMP01411,Vivaan Patel,Female,43,D004,Sales Manager,MCA,Pune,Maharashtra,2024-04-20,2,41-50
EMP01412,Sanjay Joseph,Male,26,D005,SEO Specialist,B.Sc,Hyderabad,Telangana,2024-12-31,2,21-30
EMP01413,Keerthi Kumar,Male,56,D001,HR Executive,MBA,Mumbai,Maharashtra,2020-10-23,6,51-60
EMP01414,Riya Patel,Male,27,D003,SQL Developer,M.Sc,Pune,Maharashtra,2017-12-03,9,21-30
EMP01415,Vignesh Kumar,Female,34,D002,Accountant,B.Sc,Kochi,Kerala,2021-01-13,5,31-40
EMP01416,Harini Singh,Male,22,D003,SQL Developer,B.Sc,Mumbai,Maharashtra,2023-05-05,3,21-30
EMP01417,Aditya Bose,Female,29,D001,Recruiter,B.Sc,Mumbai,Maharashtra,2020-09-03,6,21-30
EMP01418,Sneha Joseph,Female,22,D004,Sales Executive,B.Tech,Kochi,Kerala,2024-11-08,2,21-30
EMP01419,Ananya Verma,Female,47,D002,Accountant,B.Tech,Kochi,Kerala,2020-10-29,6,41-50
EMP01420,Priya Bose,Male,34,D001,HR Executive,MCA,Kochi,Kerala,2017-05-31,9,31-40
EMP01421,Priya Das,Male,36,D002,Financial Analyst,MBA,Coimbatore,Tamil Nadu,2024-07-31,2,31-40
EMP01422,Aarav Sharma,Female,37,D005,Marketing Executive,M.Sc,Chennai,Tamil Nadu,2025-02-08,1,31-40
EMP01423,Sanjay Reddy,Female,51,D003,SQL Developer,MBA,Mumbai,Maharashtra,2021-01-16,5,51-60
EMP01424,Aarav Bose,Female,34,D005,SEO Specialist,B.Tech,Coimbatore,Tamil Nadu,2022-02-02,4,31-40
EMP01425,Varun Iyer,Male,39,D005,SEO Specialist,B.Tech,Chennai,Tamil Nadu,2020-06-12,6,31-40
EMP01426,Riya Singh,Male,57,D001,Recruiter,MCA,Mumbai,Maharashtra,2020-09-14,6,51-60
EMP01427,Karthik Verma,Male,32,D005,Marketing Executive,MCA,Hyderabad,Telangana,2023-05-23,3,31-40
EMP01428,Nikhil Mohan,Female,47,D004,Sales Executive,MBA,Pune,Maharashtra,2022-11-05,4,41-50
EMP01429,Sanjay Verma,Male,34,D005,SEO Specialist,MBA,Chennai,Tamil Nadu,2024-08-10,2,31-40
EMP01430,Harini Nair,Male,34,D003,Data Analyst,M.Sc,Pune,Maharashtra,2024-01-04,2,31-40
EMP01431,Daniel Rao,Female,57,D004,Sales Executive,MBA,Hyderabad,Telangana,2024-06-20,2,51-60
EMP01432,Keerthi Iyer,Female,56,D003,Data Analyst,B.Sc,Pune,Maharashtra,2019-09-16,7,51-60
EMP01433,Aditya Menon,Female,22,D005,Marketing Executive,MCA,Bengaluru,Karnataka,2020-04-26,6,21-30
EMP01434,Karthik Reddy,Male,52,D001,HR Executive,MCA,Hyderabad,Telangana,2025-02-16,1,51-60
EMP01435,Rahul Sharma,Female,49,D002,Accountant,MCA,Pune,Maharashtra,2023-12-31,3,41-50
EMP01436,Aditya Sharma,Female,34,D002,Financial Analyst,M.Sc,Bengaluru,Karnataka,2018-02-09,8,31-40
EMP01437,Arjun Nair,Female,44,D006,Supervisor,MBA,Kochi,Kerala,2022-02-20,4,41-50
EMP01438,Arjun Bose,Female,22,D005,SEO Specialist,M.Sc,Coimbatore,Tamil Nadu,2023-07-03,3,21-30
EMP01439,Daniel Das,Female,42,D005,SEO Specialist,B.Tech,Hyderabad,Telangana,2020-05-19,6,41-50
EMP01440,Vignesh Mohan,Female,36,D003,SQL Developer,B.Sc,Bengaluru,Karnataka,2024-09-26,2,31-40
EMP01441,Sanjay Reddy,Male,37,D004,Sales Manager,MBA,Pune,Maharashtra,2017-10-13,9,31-40
EMP01442,Aditya Mohan,Female,37,D004,Sales Executive,B.Tech,Pune,Maharashtra,2023-08-04,3,31-40
EMP01443,Rahul Rao,Female,49,D002,Financial Analyst,MCA,Bengaluru,Karnataka,2017-10-13,9,41-50
EMP01444,Varun Mohan,Male,40,D006,Operations Executive,B.Tech,Chennai,Tamil Nadu,2021-12-20,5,31-40
EMP01445,Riya Das,Female,50,D003,SQL Developer,MBA,Kochi,Kerala,2021-05-22,5,41-50
EMP01446,Vignesh Bose,Female,22,D001,Recruiter,M.Sc,Pune,Maharashtra,2022-03-14,4,21-30
EMP01447,Harini Patel,Female,35,D004,Sales Executive,B.Sc,Mumbai,Maharashtra,2021-11-27,5,31-40
EMP01448,Vignesh Iyer,Male,33,D001,Recruiter,MBA,Mumbai,Maharashtra,2019-05-20,7,31-40
EMP01449,Keerthi Patel,Male,48,D004,Sales Manager,M.Sc,Bengaluru,Karnataka,2024-09-19,2,41-50
EMP01450,Sanjay Rao,Female,47,D001,Recruiter,MCA,Kochi,Kerala,2024-01-12,2,41-50
EMP01451,Ananya Rao,Male,30,D004,Sales Executive,B.Sc,Kochi,Kerala,2021-08-12,5,21-30
EMP01452,Arjun Sharma,Male,36,D005,SEO Specialist,MBA,Chennai,Tamil Nadu,2020-01-31,6,31-40
EMP01453,Daniel Joseph,Female,37,D003,SQL Developer,MCA,Hyderabad,Telangana,2019-03-19,7,31-40
EMP01454,Akash Mohan,Male,46,D001,HR Executive,B.Sc,Chennai,Tamil Nadu,2020-06-23,6,41-50
EMP01455,Sneha Mohan,Female,25,D001,HR Executive,B.Tech,Mumbai,Maharashtra,2024-02-15,2,21-30
EMP01456,Aditya Patel,Male,32,D005,SEO Specialist,MCA,Mumbai,Maharashtra,2017-12-17,9,31-40
EMP01457,Vignesh Patel,Male,35,D005,SEO Specialist,B.Sc,Hyderabad,Telangana,2025-02-15,1,31-40
EMP01458,Vignesh Iyer,Female,58,D005,Marketing Executive,M.Sc,Bengaluru,Karnataka,2023-06-22,3,51-60
EMP01459,Vivaan Singh,Female,27,D006,Operations Executive,M.Sc,Kochi,Kerala,2023-08-29,3,21-30
EMP01460,Aarav Kumar,Female,44,D001,HR Executive,MCA,Bengaluru,Karnataka,2024-01-19,2,41-50
EMP01461,Aarav Verma,Female,26,D006,Operations Executive,MBA,Coimbatore,Tamil Nadu,2019-01-24,7,21-30
EMP01462,Keerthi Verma,Male,44,D004,Sales Manager,MBA,Mumbai,Maharashtra,2019-07-19,7,41-50
EMP01463,Meera Menon,Female,43,D002,Accountant,B.Sc,Hyderabad,Telangana,2024-10-14,2,41-50
EMP01464,Akash Reddy,Male,45,D003,Software Engineer,B.Tech,Bengaluru,Karnataka,2018-01-16,8,41-50
EMP01465,Karthik Iyer,Male,57,D004,Sales Manager,M.Sc,Bengaluru,Karnataka,2020-07-13,6,51-60
EMP01466,Sneha Iyer,Female,36,D005,Marketing Executive,MBA,Chennai,Tamil Nadu,2020-01-04,6,31-40
EMP01467,Sanjay Gupta,Male,39,D003,SQL Developer,MBA,Mumbai,Maharashtra,2022-08-09,4,31-40
EMP01468,Sanjay Bose,Female,54,D002,Accountant,MBA,Mumbai,Maharashtra,2018-10-30,8,51-60
EMP01469,Rahul Iyer,Female,24,D003,Data Analyst,B.Sc,Bengaluru,Karnataka,2017-11-22,9,21-30
EMP01470,Varun Menon,Female,37,D003,Software Engineer,MBA,Coimbatore,Tamil Nadu,2021-09-02,5,31-40
EMP01471,Ananya Kumar,Female,42,D001,Recruiter,MCA,Bengaluru,Karnataka,2021-10-28,5,41-50
EMP01472,Akash Rao,Male,42,D004,Sales Manager,B.Sc,Pune,Maharashtra,2022-11-30,4,41-50
EMP01473,Daniel Gupta,Male,38,D006,Operations Executive,B.Sc,Kochi,Kerala,2019-08-11,7,31-40
EMP01474,Rahul Singh,Female,36,D004,Sales Manager,B.Tech,Hyderabad,Telangana,2022-06-09,4,31-40
EMP01475,Ananya Rao,Male,24,D004,Sales Manager,B.Tech,Chennai,Tamil Nadu,2023-12-08,3,21-30
EMP01476,Sanjay Das,Male,44,D006,Supervisor,MCA,Hyderabad,Telangana,2023-10-30,3,41-50
EMP01477,Rahul Nair,Male,23,D005,SEO Specialist,M.Sc,Bengaluru,Karnataka,2024-07-31,2,21-30
EMP01478,Aditya Gupta,Female,46,D006,Supervisor,B.Tech,Kochi,Kerala,2019-07-12,7,41-50
EMP01479,Aarav Reddy,Female,36,D003,Data Analyst,MCA,Hyderabad,Telangana,2021-02-16,5,31-40
EMP01480,Sanjay Singh,Male,52,D006,Supervisor,MCA,Hyderabad,Telangana,2020-10-24,6,51-60
EMP01481,Vignesh Singh,Female,26,D004,Sales Manager,B.Sc,Coimbatore,Tamil Nadu,2023-10-04,3,21-30
EMP01482,Akash Gupta,Male,42,D003,SQL Developer,MCA,Mumbai,Maharashtra,2018-06-27,8,41-50
EMP01483,Varun Joseph,Female,33,D006,Supervisor,M.Sc,Kochi,Kerala,2022-10-12,4,31-40
EMP01484,Priya Bose,Male,34,D005,SEO Specialist,B.Tech,Chennai,Tamil Nadu,2020-09-13,6,31-40
EMP01485,Daniel Reddy,Male,54,D003,Data Analyst,B.Tech,Bengaluru,Karnataka,2023-06-28,3,51-60
EMP01486,Sanjay Iyer,Female,24,D002,Accountant,MCA,Mumbai,Maharashtra,2021-10-31,5,21-30
EMP01487,Rahul Patel,Male,43,D001,HR Executive,M.Sc,Hyderabad,Telangana,2018-12-15,8,41-50
EMP01488,Meera Nair,Male,37,D006,Supervisor,MCA,Kochi,Kerala,2021-12-29,5,31-40
EMP01489,Sneha Singh,Male,48,D002,Financial Analyst,B.Sc,Pune,Maharashtra,2018-12-23,8,41-50
EMP01490,Vignesh Singh,Male,44,D006,Supervisor,B.Sc,Mumbai,Maharashtra,2019-01-01,7,41-50
EMP01491,Akash Iyer,Male,51,D004,Sales Executive,M.Sc,Chennai,Tamil Nadu,2024-05-08,2,51-60
EMP01492,Vivaan Iyer,Female,40,D005,Marketing Executive,M.Sc,Hyderabad,Telangana,2021-07-22,5,31-40
EMP01493,Aarav Menon,Female,54,D005,SEO Specialist,MBA,Bengaluru,Karnataka,2024-11-28,2,51-60
EMP01494,Arjun Patel,Female,58,D005,Marketing Executive,MCA,Bengaluru,Karnataka,2023-12-10,3,51-60
EMP01495,Aditya Rao,Female,42,D003,Data Analyst,MCA,Hyderabad,Telangana,2018-09-10,8,41-50
EMP01496,Aarav Menon,Female,32,D002,Accountant,M.Sc,Chennai,Tamil Nadu,2021-03-29,5,31-40
EMP01497,Aarav Sharma,Male,51,D001,HR Executive,B.Tech,Coimbatore,Tamil Nadu,2017-05-21,9,51-60
EMP01498,Aditya Verma,Male,53,D002,Financial Analyst,MCA,Bengaluru,Karnataka,2020-01-02,6,51-60
EMP01499,Aarav Kumar,Male,47,D005,SEO Specialist,MCA,Bengaluru,Karnataka,2021-07-29,5,41-50
EMP01500,Riya Verma,Female,42,D005,Marketing Executive,MBA,Coimbatore,Tamil Nadu,2024-02-12,2,41-50
EMP01501,Sanjay Joseph,Female,25,D003,Data Analyst,B.Sc,Chennai,Tamil Nadu,2022-10-21,4,21-30
EMP01502,Sanjay Bose,Male,34,D002,Accountant,M.Sc,Mumbai,Maharashtra,2023-08-16,3,31-40
EMP01503,Riya Mohan,Male,44,D004,Sales Executive,MBA,Bengaluru,Karnataka,2022-12-26,4,41-50
EMP01504,Diya Rao,Female,22,D003,SQL Developer,MBA,Pune,Maharashtra,2019-04-25,7,21-30
EMP01505,Priya Mohan,Female,40,D004,Sales Manager,MCA,Pune,Maharashtra,2025-01-19,1,31-40
EMP01506,Sneha Singh,Male,34,D001,Recruiter,MBA,Coimbatore,Tamil Nadu,2021-03-06,5,31-40
EMP01507,Rahul Rao,Male,28,D001,Recruiter,B.Sc,Coimbatore,Tamil Nadu,2025-02-12,1,21-30
EMP01508,Daniel Bose,Female,34,D004,Sales Executive,MCA,Chennai,Tamil Nadu,2024-10-21,2,31-40
EMP01509,Daniel Bose,Female,49,D004,Sales Executive,B.Tech,Pune,Maharashtra,2020-09-14,6,41-50
EMP01510,Varun Iyer,Female,41,D005,Marketing Executive,B.Sc,Pune,Maharashtra,2018-03-23,8,41-50
EMP01511,Ananya Bose,Male,32,D002,Financial Analyst,M.Sc,Coimbatore,Tamil Nadu,2024-07-20,2,31-40
EMP01512,Vivaan Iyer,Female,30,D001,Recruiter,MBA,Pune,Maharashtra,2017-04-09,9,21-30
EMP01513,Sneha Rao,Female,57,D002,Financial Analyst,B.Tech,Kochi,Kerala,2021-04-25,5,51-60
EMP01514,Daniel Gupta,Female,24,D006,Operations Executive,B.Sc,Pune,Maharashtra,2022-11-06,4,21-30
EMP01515,Karthik Bose,Female,44,D005,Marketing Executive,B.Sc,Bengaluru,Karnataka,2019-10-05,7,41-50
EMP01516,Akash Iyer,Male,26,D003,Data Analyst,B.Tech,Bengaluru,Karnataka,2022-02-07,4,21-30
EMP01517,Aditya Menon,Female,30,D006,Operations Executive,MBA,Kochi,Kerala,2023-09-17,3,21-30
EMP01518,Vignesh Das,Female,50,D001,HR Executive,MCA,Mumbai,Maharashtra,2021-07-09,5,41-50
EMP01519,Diya Bose,Female,50,D002,Accountant,B.Sc,Coimbatore,Tamil Nadu,2023-02-16,3,41-50
EMP01520,Arjun Sharma,Female,48,D002,Financial Analyst,MBA,Pune,Maharashtra,2022-03-03,4,41-50
EMP01521,Sneha Nair,Male,24,D001,HR Executive,B.Sc,Mumbai,Maharashtra,2019-09-27,7,21-30
EMP01522,Nikhil Joseph,Male,50,D001,Recruiter,MCA,Bengaluru,Karnataka,2021-07-22,5,41-50
EMP01523,Riya Gupta,Female,30,D005,Marketing Executive,B.Tech,Pune,Maharashtra,2022-11-07,4,21-30
EMP01524,Priya Sharma,Male,51,D002,Accountant,MBA,Coimbatore,Tamil Nadu,2020-07-03,6,51-60
EMP01525,Rahul Mohan,Female,27,D003,SQL Developer,B.Sc,Kochi,Kerala,2024-05-27,2,21-30
EMP01526,Nikhil Bose,Male,27,D001,HR Executive,MCA,Pune,Maharashtra,2023-06-02,3,21-30
EMP01527,Harini Mohan,Female,31,D005,SEO Specialist,MBA,Chennai,Tamil Nadu,2017-04-18,9,31-40
EMP01528,Arjun Joseph,Male,28,D001,Recruiter,B.Tech,Kochi,Kerala,2020-12-24,6,21-30
EMP01529,Harini Mohan,Female,55,D004,Sales Executive,B.Tech,Pune,Maharashtra,2024-08-26,2,51-60
EMP01530,Keerthi Joseph,Male,48,D006,Operations Executive,B.Sc,Coimbatore,Tamil Nadu,2024-08-14,2,41-50
EMP01531,Vignesh Patel,Male,47,D002,Accountant,M.Sc,Chennai,Tamil Nadu,2019-07-26,7,41-50
EMP01532,Riya Nair,Female,43,D003,SQL Developer,B.Sc,Chennai,Tamil Nadu,2023-10-18,3,41-50
EMP01533,Meera Nair,Male,32,D005,Marketing Executive,B.Tech,Hyderabad,Telangana,2022-06-16,4,31-40
EMP01534,Ananya Reddy,Female,34,D001,Recruiter,B.Sc,Mumbai,Maharashtra,2018-05-20,8,31-40
EMP01535,Varun Reddy,Female,32,D001,HR Executive,B.Tech,Mumbai,Maharashtra,2024-08-30,2,31-40
EMP01536,Diya Kumar,Male,47,D005,Marketing Executive,M.Sc,Bengaluru,Karnataka,2018-02-08,8,41-50
EMP01537,Daniel Rao,Male,42,D006,Operations Executive,B.Tech,Hyderabad,Telangana,2022-07-12,4,41-50
EMP01538,Aarav Patel,Female,28,D005,SEO Specialist,MCA,Pune,Maharashtra,2020-11-27,6,21-30
EMP01539,Ananya Menon,Male,28,D004,Sales Manager,MCA,Hyderabad,Telangana,2021-06-12,5,21-30
EMP01540,Daniel Nair,Female,49,D006,Operations Executive,MBA,Coimbatore,Tamil Nadu,2021-04-24,5,41-50
EMP01541,Daniel Menon,Female,26,D001,HR Executive,MCA,Chennai,Tamil Nadu,2018-05-16,8,21-30
EMP01542,Ananya Menon,Female,31,D005,Marketing Executive,B.Sc,Coimbatore,Tamil Nadu,2020-12-12,6,31-40
EMP01543,Aarav Verma,Female,23,D005,SEO Specialist,B.Sc,Hyderabad,Telangana,2019-12-26,7,21-30
EMP01544,Riya Joseph,Female,35,D004,Sales Manager,MBA,Chennai,Tamil Nadu,2021-10-12,5,31-40
EMP01545,Varun Iyer,Male,45,D005,Marketing Executive,M.Sc,Hyderabad,Telangana,2020-10-02,6,41-50
EMP01546,Vignesh Rao,Female,37,D003,Software Engineer,MBA,Chennai,Tamil Nadu,2021-08-03,5,31-40
EMP01547,Priya Bose,Male,50,D002,Financial Analyst,M.Sc,Bengaluru,Karnataka,2019-07-12,7,41-50
EMP01548,Karthik Bose,Female,58,D004,Sales Executive,B.Sc,Hyderabad,Telangana,2020-04-25,6,51-60
EMP01549,Karthik Mohan,Female,42,D002,Financial Analyst,MCA,Chennai,Tamil Nadu,2022-04-20,4,41-50
EMP01550,Riya Singh,Female,45,D006,Supervisor,MCA,Mumbai,Maharashtra,2018-05-22,8,41-50
EMP01551,Harini Menon,Male,22,D004,Sales Executive,MCA,Bengaluru,Karnataka,2020-10-27,6,21-30
EMP01552,Varun Bose,Male,33,D005,Marketing Executive,MBA,Bengaluru,Karnataka,2019-03-11,7,31-40
EMP01553,Rahul Nair,Female,33,D005,SEO Specialist,MCA,Chennai,Tamil Nadu,2022-01-16,4,31-40
EMP01554,Priya Das,Female,26,D003,SQL Developer,M.Sc,Hyderabad,Telangana,2022-03-07,4,21-30
EMP01555,Meera Kumar,Female,26,D005,SEO Specialist,MBA,Kochi,Kerala,2021-08-15,5,21-30
EMP01556,Sanjay Sharma,Male,39,D002,Accountant,MCA,Bengaluru,Karnataka,2021-07-25,5,31-40
EMP01557,Varun Reddy,Male,45,D001,HR Executive,MCA,Coimbatore,Tamil Nadu,2021-05-19,5,41-50
EMP01558,Sanjay Iyer,Male,46,D006,Operations Executive,MBA,Hyderabad,Telangana,2018-01-30,8,41-50
EMP01559,Riya Menon,Male,48,D001,Recruiter,M.Sc,Chennai,Tamil Nadu,2024-12-22,2,41-50
EMP01560,Vivaan Menon,Female,28,D002,Accountant,M.Sc,Mumbai,Maharashtra,2022-04-28,4,21-30
EMP01561,Aditya Iyer,Male,34,D006,Operations Executive,B.Tech,Kochi,Kerala,2019-07-19,7,31-40
EMP01562,Sneha Joseph,Male,45,D005,Marketing Executive,B.Sc,Chennai,Tamil Nadu,2022-05-20,4,41-50
EMP01563,Priya Verma,Female,28,D002,Accountant,B.Tech,Pune,Maharashtra,2017-03-03,9,21-30
EMP01564,Rahul Mohan,Male,39,D002,Financial Analyst,M.Sc,Mumbai,Maharashtra,2023-12-12,3,31-40
EMP01565,Sanjay Patel,Male,29,D006,Supervisor,M.Sc,Pune,Maharashtra,2019-04-07,7,21-30
EMP01566,Arjun Gupta,Female,46,D005,Marketing Executive,M.Sc,Kochi,Kerala,2020-11-11,6,41-50
EMP01567,Nikhil Verma,Female,29,D002,Financial Analyst,MBA,Bengaluru,Karnataka,2017-11-17,9,21-30
EMP01568,Akash Menon,Female,30,D003,SQL Developer,MBA,Pune,Maharashtra,2017-09-07,9,21-30
EMP01569,Ananya Menon,Male,55,D002,Financial Analyst,B.Sc,Chennai,Tamil Nadu,2022-10-25,4,51-60
EMP01570,Rahul Singh,Male,52,D005,Marketing Executive,B.Tech,Kochi,Kerala,2021-11-06,5,51-60
EMP01571,Priya Verma,Female,56,D003,Data Analyst,M.Sc,Coimbatore,Tamil Nadu,2017-01-29,9,51-60
EMP01572,Vivaan Nair,Female,42,D005,SEO Specialist,B.Sc,Bengaluru,Karnataka,2018-01-15,8,41-50
EMP01573,Daniel Nair,Male,43,D004,Sales Manager,M.Sc,Pune,Maharashtra,2022-02-15,4,41-50
EMP01574,Sanjay Sharma,Female,47,D006,Operations Executive,MCA,Coimbatore,Tamil Nadu,2022-11-28,4,41-50
EMP01575,Meera Menon,Male,55,D001,Recruiter,B.Tech,Coimbatore,Tamil Nadu,2022-09-08,4,51-60
EMP01576,Daniel Nair,Male,58,D005,Marketing Executive,B.Tech,Kochi,Kerala,2024-07-06,2,51-60
EMP01577,Diya Mohan,Male,34,D002,Financial Analyst,B.Sc,Kochi,Kerala,2023-10-23,3,31-40
EMP01578,Daniel Sharma,Female,40,D003,SQL Developer,MBA,Kochi,Kerala,2022-08-24,4,31-40
EMP01579,Varun Sharma,Female,35,D001,HR Executive,B.Tech,Pune,Maharashtra,2021-05-04,5,31-40
EMP01580,Daniel Sharma,Female,41,D006,Operations Executive,B.Tech,Chennai,Tamil Nadu,2017-05-13,9,41-50
EMP01581,Priya Menon,Female,28,D003,SQL Developer,M.Sc,Chennai,Tamil Nadu,2020-07-12,6,21-30
EMP01582,Rahul Reddy,Female,26,D006,Supervisor,B.Sc,Bengaluru,Karnataka,2022-03-20,4,21-30
EMP01583,Harini Reddy,Female,22,D004,Sales Executive,B.Sc,Bengaluru,Karnataka,2017-11-04,9,21-30
EMP01584,Daniel Gupta,Female,51,D003,Data Analyst,M.Sc,Kochi,Kerala,2024-11-01,2,51-60
EMP01585,Vivaan Singh,Male,24,D003,SQL Developer,MBA,Hyderabad,Telangana,2022-01-02,4,21-30
EMP01586,Keerthi Patel,Female,57,D006,Supervisor,B.Tech,Chennai,Tamil Nadu,2025-03-06,1,51-60
EMP01587,Daniel Sharma,Male,58,D006,Supervisor,M.Sc,Kochi,Kerala,2020-06-11,6,51-60
EMP01588,Harini Rao,Male,28,D004,Sales Manager,MBA,Hyderabad,Telangana,2025-03-20,1,21-30
EMP01589,Vivaan Kumar,Male,24,D002,Financial Analyst,B.Sc,Coimbatore,Tamil Nadu,2022-12-11,4,21-30
EMP01590,Riya Nair,Female,42,D005,SEO Specialist,MCA,Mumbai,Maharashtra,2024-10-11,2,41-50
EMP01591,Riya Nair,Female,43,D004,Sales Executive,B.Sc,Hyderabad,Telangana,2023-10-10,3,41-50
EMP01592,Karthik Patel,Male,34,D001,Recruiter,MBA,Chennai,Tamil Nadu,2023-12-04,3,31-40
EMP01593,Varun Das,Male,42,D003,SQL Developer,MBA,Coimbatore,Tamil Nadu,2024-01-18,2,41-50
EMP01594,Keerthi Rao,Female,55,D006,Supervisor,MCA,Bengaluru,Karnataka,2017-12-05,9,51-60
EMP01595,Karthik Bose,Female,46,D003,Data Analyst,B.Tech,Hyderabad,Telangana,2018-05-26,8,41-50
EMP01596,Ananya Singh,Male,55,D001,HR Executive,MCA,Bengaluru,Karnataka,2019-06-26,7,51-60
EMP01597,Varun Reddy,Male,26,D003,Data Analyst,M.Sc,Hyderabad,Telangana,2023-06-20,3,21-30
EMP01598,Riya Nair,Female,52,D004,Sales Executive,B.Sc,Kochi,Kerala,2019-03-03,7,51-60
EMP01599,Aarav Rao,Male,52,D005,Marketing Executive,M.Sc,Coimbatore,Tamil Nadu,2019-02-03,7,51-60
EMP01600,Sneha Singh,Female,57,D006,Supervisor,MBA,Bengaluru,Karnataka,2021-09-06,5,51-60
EMP01601,Diya Reddy,Male,29,D003,Software Engineer,B.Tech,Hyderabad,Telangana,2021-03-05,5,21-30
EMP01602,Ananya Kumar,Female,45,D004,Sales Executive,M.Sc,Hyderabad,Telangana,2020-04-30,6,41-50
EMP01603,Sanjay Verma,Female,22,D001,HR Executive,MCA,Coimbatore,Tamil Nadu,2019-05-09,7,21-30
EMP01604,Vivaan Menon,Male,40,D001,Recruiter,B.Sc,Kochi,Kerala,2024-12-10,2,31-40
EMP01605,Meera Joseph,Male,32,D002,Financial Analyst,MBA,Chennai,Tamil Nadu,2021-05-01,5,31-40
EMP01606,Sanjay Kumar,Male,27,D002,Accountant,B.Tech,Kochi,Kerala,2023-03-30,3,21-30
EMP01607,Varun Patel,Female,23,D005,Marketing Executive,B.Sc,Mumbai,Maharashtra,2022-10-12,4,21-30
EMP01608,Sneha Gupta,Female,32,D001,Recruiter,M.Sc,Chennai,Tamil Nadu,2022-11-01,4,31-40
EMP01609,Sneha Bose,Female,54,D005,Marketing Executive,B.Sc,Bengaluru,Karnataka,2020-11-18,6,51-60
EMP01610,Nikhil Joseph,Male,54,D005,Marketing Executive,M.Sc,Bengaluru,Karnataka,2021-07-13,5,51-60
EMP01611,Rahul Sharma,Male,35,D006,Operations Executive,M.Sc,Hyderabad,Telangana,2017-07-07,9,31-40
EMP01612,Diya Sharma,Male,28,D006,Operations Executive,M.Sc,Kochi,Kerala,2019-08-09,7,21-30
EMP01613,Meera Reddy,Male,46,D005,Marketing Executive,B.Sc,Coimbatore,Tamil Nadu,2022-10-03,4,41-50
EMP01614,Meera Joseph,Male,42,D003,Data Analyst,MBA,Mumbai,Maharashtra,2021-10-25,5,41-50
EMP01615,Priya Menon,Female,35,D006,Supervisor,B.Tech,Hyderabad,Telangana,2019-11-12,7,31-40
EMP01616,Aditya Gupta,Male,36,D004,Sales Manager,MBA,Mumbai,Maharashtra,2023-04-21,3,31-40
EMP01617,Akash Kumar,Female,31,D002,Financial Analyst,B.Sc,Kochi,Kerala,2023-09-12,3,31-40
EMP01618,Sneha Singh,Female,29,D006,Operations Executive,MCA,Mumbai,Maharashtra,2018-09-22,8,21-30
EMP01619,Meera Gupta,Male,56,D004,Sales Executive,B.Tech,Bengaluru,Karnataka,2020-12-22,6,51-60
EMP01620,Varun Rao,Male,54,D002,Financial Analyst,MBA,Hyderabad,Telangana,2020-10-16,6,51-60
EMP01621,Diya Iyer,Female,45,D004,Sales Manager,M.Sc,Mumbai,Maharashtra,2018-01-27,8,41-50
EMP01622,Priya Rao,Female,39,D002,Accountant,M.Sc,Coimbatore,Tamil Nadu,2024-02-16,2,31-40
EMP01623,Harini Joseph,Female,52,D006,Operations Executive,M.Sc,Kochi,Kerala,2024-08-04,2,51-60
EMP01624,Varun Rao,Male,25,D006,Operations Executive,MBA,Chennai,Tamil Nadu,2024-10-04,2,21-30
EMP01625,Ananya Patel,Female,31,D006,Operations Executive,MBA,Mumbai,Maharashtra,2023-01-28,3,31-40
EMP01626,Arjun Joseph,Female,31,D006,Operations Executive,M.Sc,Mumbai,Maharashtra,2021-07-10,5,31-40
EMP01627,Ananya Das,Male,52,D002,Accountant,M.Sc,Kochi,Kerala,2020-07-04,6,51-60
EMP01628,Arjun Das,Male,50,D003,Software Engineer,MBA,Pune,Maharashtra,2024-05-07,2,41-50
EMP01629,Arjun Singh,Male,58,D005,Marketing Executive,M.Sc,Pune,Maharashtra,2019-05-18,7,51-60
EMP01630,Nikhil Sharma,Female,40,D002,Financial Analyst,M.Sc,Chennai,Tamil Nadu,2020-05-11,6,31-40
EMP01631,Priya Joseph,Male,47,D006,Operations Executive,MCA,Mumbai,Maharashtra,2017-11-19,9,41-50
EMP01632,Karthik Bose,Female,48,D001,Recruiter,MCA,Kochi,Kerala,2019-08-20,7,41-50
EMP01633,Nikhil Nair,Male,41,D006,Operations Executive,B.Sc,Kochi,Kerala,2021-07-18,5,41-50
EMP01634,Vivaan Gupta,Male,54,D001,HR Executive,B.Sc,Coimbatore,Tamil Nadu,2024-09-13,2,51-60
EMP01635,Nikhil Bose,Female,24,D003,Software Engineer,MBA,Bengaluru,Karnataka,2017-09-14,9,21-30
EMP01636,Akash Bose,Female,53,D001,HR Executive,M.Sc,Bengaluru,Karnataka,2022-04-02,4,51-60
EMP01637,Keerthi Iyer,Female,48,D004,Sales Manager,B.Tech,Hyderabad,Telangana,2022-02-16,4,41-50
EMP01638,Vignesh Iyer,Male,51,D005,SEO Specialist,B.Tech,Chennai,Tamil Nadu,2021-09-23,5,51-60
EMP01639,Arjun Singh,Female,33,D002,Financial Analyst,M.Sc,Bengaluru,Karnataka,2020-07-22,6,31-40
EMP01640,Sanjay Kumar,Male,41,D001,HR Executive,M.Sc,Coimbatore,Tamil Nadu,2017-12-15,9,41-50
EMP01641,Harini Nair,Male,58,D002,Accountant,B.Tech,Hyderabad,Telangana,2021-01-20,5,51-60
EMP01642,Sneha Bose,Male,31,D002,Financial Analyst,B.Sc,Bengaluru,Karnataka,2020-09-05,6,31-40
EMP01643,Vivaan Kumar,Male,47,D001,HR Executive,B.Sc,Mumbai,Maharashtra,2018-01-17,8,41-50
EMP01644,Diya Sharma,Female,23,D003,Software Engineer,MBA,Pune,Maharashtra,2019-11-12,7,21-30
EMP01645,Aditya Joseph,Male,42,D006,Supervisor,MBA,Coimbatore,Tamil Nadu,2020-08-22,6,41-50
EMP01646,Diya Iyer,Female,31,D005,SEO Specialist,B.Sc,Pune,Maharashtra,2024-09-22,2,31-40
EMP01647,Diya Rao,Male,24,D003,SQL Developer,M.Sc,Hyderabad,Telangana,2023-04-09,3,21-30
EMP01648,Meera Iyer,Female,38,D003,Software Engineer,MCA,Chennai,Tamil Nadu,2018-02-20,8,31-40
EMP01649,Keerthi Iyer,Female,27,D003,SQL Developer,M.Sc,Bengaluru,Karnataka,2018-04-18,8,21-30
EMP01650,Diya Sharma,Female,24,D001,Recruiter,B.Tech,Chennai,Tamil Nadu,2017-11-03,9,21-30
EMP01651,Aarav Kumar,Female,48,D003,Data Analyst,B.Tech,Kochi,Kerala,2020-01-05,6,41-50
EMP01652,Arjun Mohan,Female,43,D003,Software Engineer,B.Sc,Bengaluru,Karnataka,2021-05-27,5,41-50
EMP01653,Akash Reddy,Male,50,D002,Accountant,MBA,Mumbai,Maharashtra,2017-10-15,9,41-50
EMP01654,Varun Kumar,Female,28,D006,Operations Executive,B.Sc,Chennai,Tamil Nadu,2022-07-15,4,21-30
EMP01655,Aditya Mohan,Male,49,D003,Data Analyst,M.Sc,Kochi,Kerala,2022-05-04,4,41-50
EMP01656,Varun Mohan,Male,45,D003,Software Engineer,M.Sc,Mumbai,Maharashtra,2020-12-14,6,41-50
EMP01657,Varun Singh,Female,31,D005,Marketing Executive,M.Sc,Mumbai,Maharashtra,2018-09-05,8,31-40
EMP01658,Sneha Singh,Female,39,D003,Software Engineer,B.Sc,Mumbai,Maharashtra,2020-07-25,6,31-40
EMP01659,Rahul Das,Female,57,D006,Operations Executive,MBA,Pune,Maharashtra,2018-07-06,8,51-60
EMP01660,Vivaan Patel,Male,49,D002,Financial Analyst,M.Sc,Kochi,Kerala,2021-03-13,5,41-50
EMP01661,Sneha Reddy,Female,58,D004,Sales Executive,MCA,Pune,Maharashtra,2020-08-27,6,51-60
EMP01662,Sneha Iyer,Male,22,D004,Sales Executive,B.Tech,Mumbai,Maharashtra,2018-09-06,8,21-30
EMP01663,Diya Bose,Male,35,D003,Software Engineer,MCA,Coimbatore,Tamil Nadu,2017-09-15,9,31-40
EMP01664,Sanjay Nair,Male,26,D003,Data Analyst,M.Sc,Bengaluru,Karnataka,2023-07-21,3,21-30
EMP01665,Sneha Rao,Male,50,D002,Accountant,B.Sc,Mumbai,Maharashtra,2018-02-10,8,41-50
EMP01666,Keerthi Gupta,Female,45,D004,Sales Executive,B.Sc,Coimbatore,Tamil Nadu,2020-05-06,6,41-50
EMP01667,Priya Patel,Male,54,D006,Supervisor,B.Sc,Pune,Maharashtra,2022-07-28,4,51-60
EMP01668,Nikhil Reddy,Male,43,D006,Supervisor,MCA,Coimbatore,Tamil Nadu,2023-04-28,3,41-50
EMP01669,Ananya Bose,Male,25,D001,Recruiter,MCA,Bengaluru,Karnataka,2019-02-24,7,21-30
EMP01670,Varun Patel,Female,30,D005,Marketing Executive,MBA,Hyderabad,Telangana,2020-07-29,6,21-30
EMP01671,Vignesh Nair,Female,39,D002,Financial Analyst,MBA,Chennai,Tamil Nadu,2025-02-05,1,31-40
EMP01672,Karthik Bose,Male,50,D003,Software Engineer,B.Sc,Coimbatore,Tamil Nadu,2023-01-24,3,41-50
EMP01673,Sanjay Sharma,Female,28,D006,Supervisor,M.Sc,Kochi,Kerala,2020-03-21,6,21-30
EMP01674,Keerthi Kumar,Female,34,D002,Accountant,MCA,Pune,Maharashtra,2024-07-15,2,31-40
EMP01675,Sneha Mohan,Male,33,D005,SEO Specialist,MCA,Coimbatore,Tamil Nadu,2020-12-18,6,31-40
EMP01676,Aarav Verma,Male,26,D006,Operations Executive,B.Tech,Kochi,Kerala,2017-05-21,9,21-30
EMP01677,Meera Nair,Female,39,D003,SQL Developer,B.Sc,Coimbatore,Tamil Nadu,2018-06-14,8,31-40
EMP01678,Riya Kumar,Male,24,D001,Recruiter,MBA,Kochi,Kerala,2017-11-09,9,21-30
EMP01679,Varun Kumar,Male,34,D003,SQL Developer,M.Sc,Hyderabad,Telangana,2023-06-18,3,31-40
EMP01680,Akash Reddy,Male,32,D005,SEO Specialist,M.Sc,Hyderabad,Telangana,2021-03-08,5,31-40
EMP01681,Vivaan Verma,Male,34,D004,Sales Manager,MCA,Chennai,Tamil Nadu,2017-10-30,9,31-40
EMP01682,Arjun Verma,Female,37,D002,Accountant,MCA,Mumbai,Maharashtra,2023-08-09,3,31-40
EMP01683,Sneha Das,Male,29,D006,Operations Executive,MCA,Pune,Maharashtra,2023-04-29,3,21-30
EMP01684,Arjun Sharma,Female,37,D005,Marketing Executive,MCA,Mumbai,Maharashtra,2020-12-21,6,31-40
EMP01685,Diya Reddy,Female,44,D005,Marketing Executive,MBA,Bengaluru,Karnataka,2019-05-13,7,41-50
EMP01686,Priya Bose,Male,36,D005,Marketing Executive,MCA,Chennai,Tamil Nadu,2023-12-21,3,31-40
EMP01687,Arjun Kumar,Female,24,D005,SEO Specialist,MCA,Bengaluru,Karnataka,2018-03-27,8,21-30
EMP01688,Ananya Bose,Male,24,D006,Operations Executive,MBA,Kochi,Kerala,2021-08-15,5,21-30
EMP01689,Aditya Das,Female,29,D004,Sales Manager,B.Tech,Kochi,Kerala,2020-07-21,6,21-30
EMP01690,Sanjay Singh,Male,34,D002,Accountant,MBA,Coimbatore,Tamil Nadu,2017-06-25,9,31-40
EMP01691,Diya Patel,Male,34,D004,Sales Executive,B.Sc,Coimbatore,Tamil Nadu,2020-04-25,6,31-40
EMP01692,Keerthi Sharma,Male,42,D005,Marketing Executive,B.Sc,Kochi,Kerala,2020-03-08,6,41-50
EMP01693,Karthik Joseph,Male,56,D003,Software Engineer,B.Tech,Kochi,Kerala,2017-10-12,9,51-60
EMP01694,Vignesh Joseph,Male,56,D001,HR Executive,MBA,Hyderabad,Telangana,2020-12-28,6,51-60
EMP01695,Aarav Joseph,Male,23,D001,HR Executive,B.Sc,Mumbai,Maharashtra,2023-08-03,3,21-30
EMP01696,Aditya Verma,Male,25,D002,Financial Analyst,MBA,Chennai,Tamil Nadu,2023-10-29,3,21-30
EMP01697,Akash Bose,Male,52,D003,SQL Developer,M.Sc,Mumbai,Maharashtra,2019-09-23,7,51-60
EMP01698,Meera Singh,Female,46,D003,Data Analyst,B.Sc,Chennai,Tamil Nadu,2024-12-24,2,41-50
EMP01699,Akash Bose,Male,34,D001,Recruiter,M.Sc,Kochi,Kerala,2018-05-21,8,31-40
EMP01700,Keerthi Sharma,Female,32,D006,Supervisor,MBA,Hyderabad,Telangana,2022-01-14,4,31-40
EMP01701,Daniel Bose,Male,53,D004,Sales Executive,B.Sc,Chennai,Tamil Nadu,2022-12-04,4,51-60
EMP01702,Diya Nair,Female,49,D005,Marketing Executive,MCA,Bengaluru,Karnataka,2020-06-21,6,41-50
EMP01703,Varun Patel,Male,23,D004,Sales Executive,MCA,Coimbatore,Tamil Nadu,2022-11-08,4,21-30
EMP01704,Karthik Bose,Female,45,D003,Software Engineer,B.Sc,Chennai,Tamil Nadu,2021-12-14,5,41-50
EMP01705,Aditya Singh,Female,35,D006,Operations Executive,B.Tech,Chennai,Tamil Nadu,2022-04-12,4,31-40
EMP01706,Arjun Sharma,Male,33,D003,Software Engineer,MBA,Mumbai,Maharashtra,2023-02-03,3,31-40
EMP01707,Arjun Mohan,Male,53,D004,Sales Executive,B.Tech,Pune,Maharashtra,2021-08-09,5,51-60
EMP01708,Sneha Kumar,Male,54,D002,Financial Analyst,M.Sc,Hyderabad,Telangana,2020-11-11,6,51-60
EMP01709,Riya Kumar,Female,43,D004,Sales Executive,MCA,Mumbai,Maharashtra,2022-07-03,4,41-50
EMP01710,Ananya Reddy,Male,51,D001,HR Executive,B.Tech,Kochi,Kerala,2020-04-22,6,51-60
EMP01711,Keerthi Joseph,Female,50,D005,SEO Specialist,MCA,Coimbatore,Tamil Nadu,2022-09-24,4,41-50
EMP01712,Meera Iyer,Male,40,D005,Marketing Executive,B.Tech,Pune,Maharashtra,2020-01-21,6,31-40
EMP01713,Daniel Das,Male,57,D006,Supervisor,MCA,Pune,Maharashtra,2022-05-22,4,51-60
EMP01714,Rahul Gupta,Male,51,D004,Sales Manager,B.Sc,Pune,Maharashtra,2022-12-15,4,51-60
EMP01715,Varun Joseph,Male,22,D005,Marketing Executive,B.Sc,Pune,Maharashtra,2018-11-24,8,21-30
EMP01716,Karthik Nair,Male,44,D006,Supervisor,M.Sc,Bengaluru,Karnataka,2017-05-03,9,41-50
EMP01717,Harini Patel,Male,44,D003,SQL Developer,B.Sc,Chennai,Tamil Nadu,2020-07-07,6,41-50
EMP01718,Sneha Rao,Male,58,D001,HR Executive,MBA,Kochi,Kerala,2018-06-21,8,51-60
EMP01719,Arjun Nair,Male,39,D002,Financial Analyst,MCA,Kochi,Kerala,2024-01-28,2,31-40
EMP01720,Nikhil Menon,Female,27,D005,SEO Specialist,B.Tech,Coimbatore,Tamil Nadu,2018-05-24,8,21-30
EMP01721,Ananya Joseph,Female,36,D001,HR Executive,B.Tech,Chennai,Tamil Nadu,2021-11-05,5,31-40
EMP01722,Sanjay Gupta,Male,36,D003,Software Engineer,M.Sc,Chennai,Tamil Nadu,2020-05-12,6,31-40
EMP01723,Vivaan Verma,Male,35,D001,HR Executive,B.Sc,Chennai,Tamil Nadu,2024-11-22,2,31-40
EMP01724,Varun Iyer,Female,37,D003,Data Analyst,B.Tech,Bengaluru,Karnataka,2019-03-15,7,31-40
EMP01725,Daniel Sharma,Male,40,D002,Financial Analyst,M.Sc,Hyderabad,Telangana,2018-11-18,8,31-40
EMP01726,Akash Verma,Female,57,D005,Marketing Executive,MBA,Chennai,Tamil Nadu,2018-08-31,8,51-60
EMP01727,Karthik Reddy,Male,42,D005,SEO Specialist,B.Sc,Hyderabad,Telangana,2024-07-02,2,41-50
EMP01728,Sanjay Rao,Male,36,D003,Data Analyst,MCA,Hyderabad,Telangana,2018-10-31,8,31-40
EMP01729,Karthik Reddy,Female,46,D004,Sales Executive,M.Sc,Hyderabad,Telangana,2020-05-19,6,41-50
EMP01730,Vignesh Bose,Female,44,D003,SQL Developer,M.Sc,Pune,Maharashtra,2019-12-19,7,41-50
EMP01731,Meera Kumar,Male,26,D001,Recruiter,MCA,Bengaluru,Karnataka,2021-04-18,5,21-30
EMP01732,Harini Verma,Female,55,D006,Supervisor,M.Sc,Pune,Maharashtra,2024-06-26,2,51-60
EMP01733,Karthik Patel,Female,29,D001,Recruiter,MBA,Bengaluru,Karnataka,2019-10-06,7,21-30
EMP01734,Varun Menon,Female,30,D003,SQL Developer,B.Tech,Coimbatore,Tamil Nadu,2021-11-17,5,21-30
EMP01735,Rahul Menon,Female,47,D001,HR Executive,MCA,Mumbai,Maharashtra,2020-10-17,6,41-50
EMP01736,Sanjay Mohan,Male,38,D006,Operations Executive,M.Sc,Coimbatore,Tamil Nadu,2017-05-07,9,31-40
EMP01737,Riya Reddy,Male,35,D004,Sales Manager,MCA,Kochi,Kerala,2021-03-30,5,31-40
EMP01738,Sneha Rao,Male,36,D003,SQL Developer,M.Sc,Bengaluru,Karnataka,2023-04-18,3,31-40
EMP01739,Priya Joseph,Male,29,D004,Sales Executive,B.Tech,Coimbatore,Tamil Nadu,2023-10-15,3,21-30
EMP01740,Keerthi Das,Female,57,D005,Marketing Executive,B.Tech,Mumbai,Maharashtra,2021-02-13,5,51-60
EMP01741,Karthik Mohan,Female,58,D004,Sales Executive,M.Sc,Kochi,Kerala,2018-02-21,8,51-60
EMP01742,Karthik Verma,Male,51,D002,Accountant,B.Sc,Bengaluru,Karnataka,2024-07-08,2,51-60
EMP01743,Nikhil Verma,Female,53,D001,Recruiter,M.Sc,Kochi,Kerala,2019-11-15,7,51-60
EMP01744,Arjun Iyer,Female,27,D005,SEO Specialist,B.Tech,Bengaluru,Karnataka,2019-03-11,7,21-30
EMP01745,Sanjay Iyer,Female,57,D002,Financial Analyst,MBA,Mumbai,Maharashtra,2018-01-09,8,51-60
EMP01746,Varun Joseph,Female,58,D002,Financial Analyst,B.Sc,Pune,Maharashtra,2018-09-21,8,51-60
EMP01747,Keerthi Sharma,Male,24,D003,Data Analyst,B.Tech,Chennai,Tamil Nadu,2018-11-25,8,21-30
EMP01748,Diya Iyer,Male,49,D005,Marketing Executive,M.Sc,Chennai,Tamil Nadu,2022-11-08,4,41-50
EMP01749,Rahul Singh,Female,38,D004,Sales Executive,MCA,Mumbai,Maharashtra,2021-05-14,5,31-40
EMP01750,Priya Bose,Female,58,D001,Recruiter,B.Tech,Bengaluru,Karnataka,2019-06-20,7,51-60
EMP01751,Diya Iyer,Male,37,D005,Marketing Executive,MBA,Hyderabad,Telangana,2022-05-12,4,31-40
EMP01752,Riya Nair,Female,38,D004,Sales Manager,MCA,Chennai,Tamil Nadu,2023-03-22,3,31-40
EMP01753,Aarav Nair,Female,38,D001,HR Executive,MBA,Mumbai,Maharashtra,2024-02-14,2,31-40
EMP01754,Meera Iyer,Male,36,D004,Sales Manager,M.Sc,Chennai,Tamil Nadu,2017-10-13,9,31-40
EMP01755,Vivaan Mohan,Female,40,D005,Marketing Executive,B.Tech,Hyderabad,Telangana,2021-08-24,5,31-40
EMP01756,Akash Mohan,Female,31,D003,Data Analyst,B.Tech,Pune,Maharashtra,2017-12-12,9,31-40
EMP01757,Riya Iyer,Female,41,D001,HR Executive,MCA,Mumbai,Maharashtra,2021-07-09,5,41-50
EMP01758,Vivaan Das,Female,33,D002,Accountant,B.Tech,Chennai,Tamil Nadu,2023-08-31,3,31-40
EMP01759,Diya Singh,Male,51,D006,Supervisor,B.Sc,Kochi,Kerala,2017-12-14,9,51-60
EMP01760,Riya Verma,Female,54,D001,Recruiter,B.Tech,Mumbai,Maharashtra,2017-12-08,9,51-60
EMP01761,Varun Bose,Male,39,D006,Operations Executive,M.Sc,Bengaluru,Karnataka,2018-04-15,8,31-40
EMP01762,Priya Iyer,Male,44,D003,Data Analyst,B.Sc,Coimbatore,Tamil Nadu,2020-07-03,6,41-50
EMP01763,Arjun Reddy,Male,28,D002,Accountant,MBA,Bengaluru,Karnataka,2023-03-30,3,21-30
EMP01764,Daniel Gupta,Female,24,D005,SEO Specialist,B.Sc,Mumbai,Maharashtra,2024-08-24,2,21-30
EMP01765,Priya Reddy,Female,46,D003,Data Analyst,M.Sc,Chennai,Tamil Nadu,2025-01-28,1,41-50
EMP01766,Arjun Rao,Female,27,D005,Marketing Executive,MCA,Pune,Maharashtra,2022-09-17,4,21-30
EMP01767,Nikhil Kumar,Male,30,D004,Sales Manager,M.Sc,Pune,Maharashtra,2017-05-26,9,21-30
EMP01768,Vivaan Gupta,Female,38,D006,Supervisor,MBA,Pune,Maharashtra,2020-12-24,6,31-40
EMP01769,Meera Verma,Male,26,D003,Software Engineer,M.Sc,Hyderabad,Telangana,2023-02-07,3,21-30
EMP01770,Harini Singh,Female,53,D003,Data Analyst,MCA,Chennai,Tamil Nadu,2021-04-18,5,51-60
EMP01771,Sanjay Iyer,Female,56,D006,Supervisor,M.Sc,Mumbai,Maharashtra,2022-01-19,4,51-60
EMP01772,Karthik Gupta,Male,47,D001,Recruiter,B.Tech,Mumbai,Maharashtra,2018-09-24,8,41-50
EMP01773,Daniel Patel,Male,45,D006,Supervisor,MCA,Coimbatore,Tamil Nadu,2018-04-08,8,41-50
EMP01774,Harini Reddy,Female,44,D004,Sales Executive,MCA,Kochi,Kerala,2020-06-10,6,41-50
EMP01775,Sanjay Iyer,Male,34,D005,Marketing Executive,B.Tech,Mumbai,Maharashtra,2018-11-24,8,31-40
EMP01776,Sneha Iyer,Male,58,D006,Supervisor,M.Sc,Pune,Maharashtra,2025-01-25,1,51-60
EMP01777,Priya Singh,Female,34,D003,Data Analyst,B.Sc,Hyderabad,Telangana,2022-08-16,4,31-40
EMP01778,Aditya Mohan,Female,53,D005,SEO Specialist,M.Sc,Bengaluru,Karnataka,2023-06-07,3,51-60
EMP01779,Sanjay Sharma,Female,27,D003,Software Engineer,MCA,Mumbai,Maharashtra,2023-10-12,3,21-30
EMP01780,Diya Iyer,Male,56,D002,Accountant,M.Sc,Bengaluru,Karnataka,2024-01-02,2,51-60
EMP01781,Harini Rao,Female,42,D003,Data Analyst,B.Tech,Coimbatore,Tamil Nadu,2019-09-27,7,41-50
EMP01782,Harini Kumar,Female,54,D001,Recruiter,M.Sc,Bengaluru,Karnataka,2023-05-10,3,51-60
EMP01783,Riya Menon,Female,53,D006,Supervisor,MBA,Kochi,Kerala,2017-09-05,9,51-60
EMP01784,Harini Patel,Female,48,D003,SQL Developer,B.Sc,Mumbai,Maharashtra,2021-03-12,5,41-50
EMP01785,Diya Verma,Female,24,D003,Software Engineer,MBA,Coimbatore,Tamil Nadu,2020-04-18,6,21-30
EMP01786,Daniel Joseph,Male,52,D001,Recruiter,B.Tech,Kochi,Kerala,2023-11-21,3,51-60
EMP01787,Akash Rao,Male,30,D005,Marketing Executive,M.Sc,Chennai,Tamil Nadu,2021-11-09,5,21-30
EMP01788,Aditya Mohan,Female,50,D002,Financial Analyst,MBA,Mumbai,Maharashtra,2024-07-11,2,41-50
EMP01789,Sneha Gupta,Female,29,D005,SEO Specialist,B.Sc,Kochi,Kerala,2023-03-15,3,21-30
EMP01790,Vignesh Verma,Female,47,D002,Accountant,B.Sc,Mumbai,Maharashtra,2018-08-01,8,41-50
EMP01791,Karthik Reddy,Male,34,D002,Financial Analyst,M.Sc,Bengaluru,Karnataka,2023-10-05,3,31-40
EMP01792,Meera Singh,Female,43,D004,Sales Executive,M.Sc,Bengaluru,Karnataka,2023-02-22,3,41-50
EMP01793,Varun Joseph,Male,24,D003,Data Analyst,MCA,Hyderabad,Telangana,2024-10-04,2,21-30
EMP01794,Nikhil Nair,Male,47,D006,Supervisor,MCA,Hyderabad,Telangana,2017-01-09,9,41-50
EMP01795,Riya Singh,Male,44,D005,SEO Specialist,B.Sc,Chennai,Tamil Nadu,2023-07-08,3,41-50
EMP01796,Akash Nair,Female,42,D006,Operations Executive,MCA,Pune,Maharashtra,2025-01-07,1,41-50
EMP01797,Vignesh Gupta,Female,53,D002,Accountant,MBA,Mumbai,Maharashtra,2021-08-01,5,51-60
EMP01798,Priya Singh,Female,51,D001,HR Executive,MBA,Chennai,Tamil Nadu,2023-06-13,3,51-60
EMP01799,Ananya Das,Female,51,D003,SQL Developer,M.Sc,Mumbai,Maharashtra,2022-04-16,4,51-60
EMP01800,Varun Menon,Female,29,D005,SEO Specialist,B.Tech,Chennai,Tamil Nadu,2018-10-12,8,21-30
EMP01801,Riya Rao,Male,33,D002,Financial Analyst,B.Tech,Kochi,Kerala,2023-09-02,3,31-40
EMP01802,Aarav Reddy,Female,44,D003,SQL Developer,MCA,Pune,Maharashtra,2021-05-11,5,41-50
EMP01803,Meera Sharma,Female,41,D001,HR Executive,M.Sc,Bengaluru,Karnataka,2020-04-08,6,41-50
EMP01804,Diya Bose,Female,52,D004,Sales Manager,B.Sc,Hyderabad,Telangana,2021-07-08,5,51-60
EMP01805,Nikhil Menon,Male,45,D003,Software Engineer,MCA,Mumbai,Maharashtra,2025-03-18,1,41-50
EMP01806,Meera Rao,Male,42,D006,Operations Executive,M.Sc,Chennai,Tamil Nadu,2019-11-22,7,41-50
EMP01807,Harini Iyer,Male,46,D003,Software Engineer,B.Sc,Pune,Maharashtra,2021-07-07,5,41-50
EMP01808,Karthik Joseph,Male,50,D004,Sales Executive,M.Sc,Kochi,Kerala,2021-04-09,5,41-50
EMP01809,Priya Bose,Female,53,D004,Sales Executive,MBA,Mumbai,Maharashtra,2019-10-07,7,51-60
EMP01810,Sneha Singh,Male,32,D002,Accountant,M.Sc,Bengaluru,Karnataka,2024-04-24,2,31-40
EMP01811,Sneha Reddy,Female,45,D004,Sales Manager,MBA,Hyderabad,Telangana,2019-02-10,7,41-50
EMP01812,Sneha Verma,Male,28,D005,SEO Specialist,M.Sc,Kochi,Kerala,2019-02-15,7,21-30
EMP01813,Diya Joseph,Male,52,D004,Sales Executive,MCA,Coimbatore,Tamil Nadu,2022-03-19,4,51-60
EMP01814,Vignesh Iyer,Male,43,D002,Accountant,B.Sc,Coimbatore,Tamil Nadu,2019-12-08,7,41-50
EMP01815,Meera Rao,Male,40,D003,Data Analyst,B.Sc,Mumbai,Maharashtra,2019-01-18,7,31-40
EMP01816,Sanjay Patel,Male,58,D006,Supervisor,B.Sc,Chennai,Tamil Nadu,2023-06-12,3,51-60
EMP01817,Vivaan Bose,Female,33,D004,Sales Executive,MBA,Kochi,Kerala,2020-07-16,6,31-40
EMP01818,Varun Reddy,Male,44,D001,Recruiter,B.Tech,Pune,Maharashtra,2023-03-24,3,41-50
EMP01819,Meera Singh,Male,28,D003,Software Engineer,M.Sc,Kochi,Kerala,2018-12-17,8,21-30
EMP01820,Meera Patel,Female,42,D001,HR Executive,M.Sc,Kochi,Kerala,2024-01-19,2,41-50
EMP01821,Karthik Sharma,Female,23,D001,Recruiter,MCA,Chennai,Tamil Nadu,2023-12-07,3,21-30
EMP01822,Ananya Iyer,Female,24,D006,Operations Executive,MBA,Coimbatore,Tamil Nadu,2019-04-01,7,21-30
EMP01823,Sanjay Sharma,Male,44,D004,Sales Manager,M.Sc,Hyderabad,Telangana,2023-09-21,3,41-50
EMP01824,Varun Joseph,Male,37,D003,Software Engineer,B.Sc,Chennai,Tamil Nadu,2023-05-28,3,31-40
EMP01825,Vignesh Rao,Female,27,D005,SEO Specialist,MBA,Coimbatore,Tamil Nadu,2018-06-11,8,21-30
EMP01826,Sanjay Gupta,Female,43,D004,Sales Executive,M.Sc,Pune,Maharashtra,2020-06-08,6,41-50
EMP01827,Rahul Menon,Female,53,D003,Data Analyst,B.Tech,Mumbai,Maharashtra,2024-02-19,2,51-60
EMP01828,Harini Mohan,Female,30,D001,HR Executive,B.Sc,Kochi,Kerala,2023-12-01,3,21-30
EMP01829,Keerthi Rao,Male,39,D002,Accountant,MCA,Coimbatore,Tamil Nadu,2018-07-15,8,31-40
EMP01830,Varun Kumar,Male,48,D005,SEO Specialist,M.Sc,Kochi,Kerala,2024-07-31,2,41-50
EMP01831,Daniel Iyer,Male,38,D004,Sales Manager,B.Tech,Pune,Maharashtra,2017-09-01,9,31-40
EMP01832,Karthik Verma,Female,54,D006,Supervisor,M.Sc,Hyderabad,Telangana,2017-09-20,9,51-60
EMP01833,Vivaan Kumar,Male,46,D001,Recruiter,B.Tech,Kochi,Kerala,2021-05-06,5,41-50
EMP01834,Karthik Sharma,Male,25,D005,SEO Specialist,B.Sc,Bengaluru,Karnataka,2020-09-28,6,21-30
EMP01835,Diya Iyer,Female,23,D003,SQL Developer,MCA,Kochi,Kerala,2024-12-14,2,21-30
EMP01836,Aarav Rao,Male,46,D003,SQL Developer,MBA,Chennai,Tamil Nadu,2024-04-04,2,41-50
EMP01837,Ananya Gupta,Male,51,D002,Accountant,B.Tech,Chennai,Tamil Nadu,2018-02-16,8,51-60
EMP01838,Sanjay Joseph,Female,45,D004,Sales Manager,MBA,Mumbai,Maharashtra,2022-03-18,4,41-50
EMP01839,Diya Rao,Male,45,D006,Operations Executive,MBA,Chennai,Tamil Nadu,2020-12-30,6,41-50
EMP01840,Riya Nair,Female,27,D001,Recruiter,B.Tech,Bengaluru,Karnataka,2023-02-19,3,21-30
EMP01841,Sneha Reddy,Male,52,D004,Sales Manager,B.Sc,Hyderabad,Telangana,2017-11-10,9,51-60
EMP01842,Akash Das,Male,48,D003,SQL Developer,MBA,Kochi,Kerala,2019-06-10,7,41-50
EMP01843,Varun Menon,Female,52,D004,Sales Executive,MBA,Mumbai,Maharashtra,2023-10-20,3,51-60
EMP01844,Karthik Iyer,Male,22,D002,Accountant,B.Tech,Mumbai,Maharashtra,2019-01-31,7,21-30
EMP01845,Arjun Menon,Female,52,D006,Supervisor,MBA,Pune,Maharashtra,2019-12-30,7,51-60
EMP01846,Varun Menon,Female,26,D001,HR Executive,B.Sc,Coimbatore,Tamil Nadu,2021-08-02,5,21-30
EMP01847,Harini Iyer,Male,44,D005,SEO Specialist,B.Sc,Bengaluru,Karnataka,2021-08-25,5,41-50
EMP01848,Vignesh Das,Female,25,D002,Accountant,MBA,Coimbatore,Tamil Nadu,2023-05-07,3,21-30
EMP01849,Daniel Rao,Male,55,D003,Software Engineer,MCA,Coimbatore,Tamil Nadu,2023-08-17,3,51-60
EMP01850,Harini Patel,Male,57,D003,Data Analyst,B.Tech,Kochi,Kerala,2024-12-13,2,51-60
EMP01851,Sneha Rao,Female,37,D002,Accountant,MBA,Hyderabad,Telangana,2021-05-03,5,31-40
EMP01852,Akash Kumar,Female,55,D005,SEO Specialist,B.Sc,Mumbai,Maharashtra,2023-09-02,3,51-60
EMP01853,Sanjay Iyer,Female,41,D003,SQL Developer,MBA,Pune,Maharashtra,2020-05-20,6,41-50
EMP01854,Rahul Singh,Female,40,D001,Recruiter,MBA,Chennai,Tamil Nadu,2017-05-02,9,31-40
EMP01855,Harini Mohan,Male,40,D003,Data Analyst,MCA,Chennai,Tamil Nadu,2023-05-10,3,31-40
EMP01856,Akash Patel,Male,51,D001,HR Executive,M.Sc,Mumbai,Maharashtra,2025-01-13,1,51-60
EMP01857,Rahul Verma,Male,48,D005,SEO Specialist,M.Sc,Hyderabad,Telangana,2017-05-09,9,41-50
EMP01858,Harini Rao,Female,32,D006,Operations Executive,MCA,Chennai,Tamil Nadu,2019-05-07,7,31-40
EMP01859,Sanjay Menon,Male,36,D004,Sales Executive,MCA,Coimbatore,Tamil Nadu,2018-03-22,8,31-40
EMP01860,Ananya Nair,Male,37,D003,SQL Developer,MCA,Kochi,Kerala,2023-04-06,3,31-40
EMP01861,Diya Patel,Male,45,D005,SEO Specialist,MCA,Hyderabad,Telangana,2025-03-15,1,41-50
EMP01862,Karthik Nair,Male,41,D005,SEO Specialist,MCA,Hyderabad,Telangana,2018-06-24,8,41-50
EMP01863,Sneha Reddy,Male,51,D006,Operations Executive,MCA,Hyderabad,Telangana,2020-09-09,6,51-60
EMP01864,Arjun Reddy,Male,45,D004,Sales Manager,M.Sc,Bengaluru,Karnataka,2024-11-05,2,41-50
EMP01865,Ananya Iyer,Male,44,D001,Recruiter,B.Sc,Pune,Maharashtra,2019-03-03,7,41-50
EMP01866,Ananya Singh,Male,28,D006,Supervisor,B.Sc,Mumbai,Maharashtra,2020-06-27,6,21-30
EMP01867,Rahul Sharma,Female,38,D002,Accountant,B.Tech,Bengaluru,Karnataka,2024-12-11,2,31-40
EMP01868,Keerthi Singh,Male,53,D006,Supervisor,B.Sc,Mumbai,Maharashtra,2022-02-12,4,51-60
EMP01869,Daniel Joseph,Male,51,D002,Accountant,MBA,Hyderabad,Telangana,2022-11-15,4,51-60
EMP01870,Aditya Reddy,Male,26,D004,Sales Manager,B.Sc,Pune,Maharashtra,2020-02-10,6,21-30
EMP01871,Diya Nair,Female,51,D004,Sales Manager,MBA,Kochi,Kerala,2022-10-07,4,51-60
EMP01872,Vignesh Bose,Male,50,D006,Operations Executive,B.Sc,Pune,Maharashtra,2019-03-05,7,41-50
EMP01873,Rahul Reddy,Female,37,D005,Marketing Executive,MCA,Kochi,Kerala,2019-09-19,7,31-40
EMP01874,Arjun Mohan,Male,39,D006,Supervisor,M.Sc,Mumbai,Maharashtra,2024-11-25,2,31-40
EMP01875,Daniel Iyer,Female,54,D005,Marketing Executive,M.Sc,Hyderabad,Telangana,2017-03-08,9,51-60
EMP01876,Rahul Menon,Female,25,D002,Accountant,MBA,Kochi,Kerala,2019-06-05,7,21-30
EMP01877,Keerthi Patel,Male,24,D003,SQL Developer,MBA,Coimbatore,Tamil Nadu,2023-01-16,3,21-30
EMP01878,Vignesh Patel,Male,50,D002,Accountant,B.Tech,Pune,Maharashtra,2018-07-14,8,41-50
EMP01879,Diya Gupta,Female,48,D004,Sales Manager,MCA,Pune,Maharashtra,2021-04-06,5,41-50
EMP01880,Vignesh Singh,Male,44,D001,Recruiter,MCA,Kochi,Kerala,2018-11-19,8,41-50
EMP01881,Vivaan Verma,Female,31,D003,Data Analyst,B.Sc,Pune,Maharashtra,2021-08-01,5,31-40
EMP01882,Ananya Sharma,Male,32,D003,Software Engineer,MBA,Mumbai,Maharashtra,2022-06-26,4,31-40
EMP01883,Daniel Bose,Female,58,D005,SEO Specialist,B.Tech,Hyderabad,Telangana,2023-12-19,3,51-60
EMP01884,Aarav Rao,Female,22,D001,HR Executive,B.Tech,Chennai,Tamil Nadu,2023-05-30,3,21-30
EMP01885,Riya Menon,Male,43,D005,Marketing Executive,B.Tech,Kochi,Kerala,2020-05-17,6,41-50
EMP01886,Varun Menon,Male,23,D005,SEO Specialist,MBA,Bengaluru,Karnataka,2021-01-01,5,21-30
EMP01887,Ananya Menon,Male,35,D004,Sales Executive,MBA,Mumbai,Maharashtra,2022-06-21,4,31-40
EMP01888,Riya Kumar,Male,26,D006,Operations Executive,B.Tech,Kochi,Kerala,2025-02-12,1,21-30
EMP01889,Harini Mohan,Male,27,D005,SEO Specialist,B.Sc,Pune,Maharashtra,2017-07-28,9,21-30
EMP01890,Riya Patel,Male,47,D005,SEO Specialist,M.Sc,Mumbai,Maharashtra,2019-02-24,7,41-50
EMP01891,Rahul Sharma,Male,23,D002,Financial Analyst,MCA,Hyderabad,Telangana,2021-11-04,5,21-30
EMP01892,Nikhil Patel,Male,34,D001,Recruiter,MCA,Bengaluru,Karnataka,2017-12-13,9,31-40
EMP01893,Aditya Nair,Female,53,D004,Sales Executive,MBA,Chennai,Tamil Nadu,2024-03-30,2,51-60
EMP01894,Sneha Patel,Female,28,D003,Software Engineer,MCA,Hyderabad,Telangana,2020-04-05,6,21-30
EMP01895,Akash Iyer,Male,31,D003,Data Analyst,M.Sc,Bengaluru,Karnataka,2019-09-22,7,31-40
EMP01896,Diya Singh,Female,40,D002,Accountant,B.Sc,Pune,Maharashtra,2025-02-25,1,31-40
EMP01897,Ananya Das,Female,32,D005,Marketing Executive,MBA,Chennai,Tamil Nadu,2020-03-17,6,31-40
EMP01898,Meera Iyer,Male,27,D005,SEO Specialist,B.Tech,Hyderabad,Telangana,2024-05-02,2,21-30
EMP01899,Sanjay Reddy,Female,25,D005,Marketing Executive,B.Sc,Bengaluru,Karnataka,2023-03-04,3,21-30
EMP01900,Sneha Menon,Female,37,D005,Marketing Executive,MCA,Bengaluru,Karnataka,2022-08-19,4,31-40
EMP01901,Ananya Mohan,Female,47,D005,SEO Specialist,B.Tech,Mumbai,Maharashtra,2018-11-25,8,41-50
EMP01902,Keerthi Singh,Female,54,D001,HR Executive,B.Sc,Kochi,Kerala,2021-10-20,5,51-60
EMP01903,Arjun Das,Male,25,D005,Marketing Executive,MCA,Coimbatore,Tamil Nadu,2023-07-24,3,21-30
EMP01904,Riya Bose,Female,52,D001,HR Executive,B.Tech,Chennai,Tamil Nadu,2022-02-26,4,51-60
EMP01905,Aditya Reddy,Female,30,D006,Supervisor,B.Sc,Pune,Maharashtra,2021-09-29,5,21-30
EMP01906,Vivaan Kumar,Female,29,D003,Data Analyst,MBA,Mumbai,Maharashtra,2022-09-27,4,21-30
EMP01907,Vignesh Singh,Male,34,D006,Operations Executive,MBA,Kochi,Kerala,2017-05-20,9,31-40
EMP01908,Diya Patel,Female,52,D005,Marketing Executive,MBA,Chennai,Tamil Nadu,2017-03-03,9,51-60
EMP01909,Priya Das,Female,40,D005,Marketing Executive,B.Sc,Hyderabad,Telangana,2019-06-18,7,31-40
EMP01910,Vivaan Verma,Male,38,D001,Recruiter,B.Tech,Hyderabad,Telangana,2018-01-09,8,31-40
EMP01911,Nikhil Reddy,Male,25,D001,HR Executive,MBA,Bengaluru,Karnataka,2024-05-11,2,21-30
EMP01912,Priya Bose,Female,40,D001,Recruiter,MCA,Hyderabad,Telangana,2020-06-16,6,31-40
EMP01913,Keerthi Mohan,Male,29,D006,Operations Executive,MBA,Chennai,Tamil Nadu,2020-05-05,6,21-30
EMP01914,Sanjay Patel,Female,38,D005,Marketing Executive,B.Sc,Bengaluru,Karnataka,2024-05-26,2,31-40
EMP01915,Diya Mohan,Male,22,D003,Software Engineer,MBA,Coimbatore,Tamil Nadu,2019-06-26,7,21-30
EMP01916,Aarav Rao,Male,49,D005,SEO Specialist,B.Sc,Chennai,Tamil Nadu,2019-07-15,7,41-50
EMP01917,Meera Patel,Male,42,D002,Financial Analyst,B.Tech,Pune,Maharashtra,2024-02-20,2,41-50
EMP01918,Riya Singh,Male,24,D005,SEO Specialist,B.Sc,Mumbai,Maharashtra,2023-10-03,3,21-30
EMP01919,Nikhil Das,Female,29,D001,Recruiter,B.Tech,Chennai,Tamil Nadu,2024-05-14,2,21-30
EMP01920,Aditya Gupta,Female,43,D003,Software Engineer,MBA,Pune,Maharashtra,2022-09-16,4,41-50
EMP01921,Sneha Nair,Male,39,D004,Sales Executive,B.Sc,Chennai,Tamil Nadu,2022-11-23,4,31-40
EMP01922,Meera Nair,Female,56,D005,SEO Specialist,M.Sc,Hyderabad,Telangana,2017-07-04,9,51-60
EMP01923,Meera Bose,Male,47,D005,Marketing Executive,MCA,Mumbai,Maharashtra,2022-03-23,4,41-50
EMP01924,Harini Joseph,Male,32,D005,Marketing Executive,M.Sc,Mumbai,Maharashtra,2018-02-07,8,31-40
EMP01925,Karthik Sharma,Male,32,D002,Accountant,B.Sc,Mumbai,Maharashtra,2019-04-19,7,31-40
EMP01926,Sanjay Joseph,Male,34,D003,Data Analyst,MBA,Pune,Maharashtra,2019-08-23,7,31-40
EMP01927,Rahul Bose,Female,44,D006,Operations Executive,B.Tech,Bengaluru,Karnataka,2020-02-26,6,41-50
EMP01928,Karthik Patel,Male,31,D003,Data Analyst,B.Sc,Mumbai,Maharashtra,2025-01-06,1,31-40
EMP01929,Daniel Reddy,Male,34,D004,Sales Executive,B.Tech,Bengaluru,Karnataka,2020-12-19,6,31-40
EMP01930,Arjun Reddy,Male,27,D004,Sales Manager,MCA,Coimbatore,Tamil Nadu,2019-07-10,7,21-30
EMP01931,Vignesh Sharma,Female,25,D003,SQL Developer,B.Tech,Bengaluru,Karnataka,2018-07-30,8,21-30
EMP01932,Priya Reddy,Male,34,D002,Accountant,B.Tech,Mumbai,Maharashtra,2018-08-13,8,31-40
EMP01933,Meera Bose,Female,31,D004,Sales Executive,MBA,Bengaluru,Karnataka,2021-03-15,5,31-40
EMP01934,Vivaan Singh,Male,22,D005,Marketing Executive,B.Sc,Pune,Maharashtra,2024-03-17,2,21-30
EMP01935,Sanjay Kumar,Female,50,D003,SQL Developer,B.Tech,Kochi,Kerala,2024-04-08,2,41-50
EMP01936,Diya Joseph,Female,51,D002,Financial Analyst,MBA,Chennai,Tamil Nadu,2018-09-30,8,51-60
EMP01937,Keerthi Rao,Female,57,D002,Accountant,B.Sc,Coimbatore,Tamil Nadu,2021-02-11,5,51-60
EMP01938,Meera Verma,Male,28,D005,Marketing Executive,MCA,Coimbatore,Tamil Nadu,2018-08-20,8,21-30
EMP01939,Vignesh Sharma,Male,43,D003,Software Engineer,M.Sc,Mumbai,Maharashtra,2021-01-02,5,41-50
EMP01940,Harini Mohan,Male,56,D003,SQL Developer,B.Tech,Coimbatore,Tamil Nadu,2021-08-31,5,51-60
EMP01941,Akash Patel,Female,31,D004,Sales Executive,MBA,Mumbai,Maharashtra,2019-01-09,7,31-40
EMP01942,Nikhil Gupta,Male,24,D005,SEO Specialist,B.Tech,Bengaluru,Karnataka,2018-06-10,8,21-30
EMP01943,Nikhil Singh,Male,36,D002,Accountant,B.Tech,Mumbai,Maharashtra,2024-09-10,2,31-40
EMP01944,Daniel Patel,Male,27,D001,Recruiter,MBA,Kochi,Kerala,2017-11-19,9,21-30
EMP01945,Akash Joseph,Male,35,D004,Sales Manager,MCA,Mumbai,Maharashtra,2018-12-01,8,31-40
EMP01946,Akash Menon,Male,27,D001,HR Executive,M.Sc,Coimbatore,Tamil Nadu,2020-01-12,6,21-30
EMP01947,Akash Nair,Male,30,D002,Financial Analyst,B.Sc,Mumbai,Maharashtra,2022-05-09,4,21-30
EMP01948,Riya Reddy,Female,49,D001,Recruiter,B.Sc,Hyderabad,Telangana,2019-05-14,7,41-50
EMP01949,Riya Nair,Male,57,D005,Marketing Executive,M.Sc,Pune,Maharashtra,2018-09-03,8,51-60
EMP01950,Aarav Gupta,Male,50,D002,Financial Analyst,MBA,Coimbatore,Tamil Nadu,2024-02-14,2,41-50
EMP01951,Riya Gupta,Female,33,D003,Data Analyst,B.Sc,Pune,Maharashtra,2021-12-08,5,31-40
EMP01952,Ananya Iyer,Male,51,D005,Marketing Executive,M.Sc,Kochi,Kerala,2018-05-06,8,51-60
EMP01953,Sanjay Patel,Male,37,D003,SQL Developer,M.Sc,Bengaluru,Karnataka,2021-08-19,5,31-40
EMP01954,Rahul Rao,Female,24,D006,Operations Executive,M.Sc,Bengaluru,Karnataka,2019-02-24,7,21-30
EMP01955,Diya Gupta,Male,41,D001,HR Executive,B.Sc,Mumbai,Maharashtra,2024-04-16,2,41-50
EMP01956,Meera Menon,Female,26,D006,Operations Executive,MBA,Mumbai,Maharashtra,2019-12-06,7,21-30
EMP01957,Arjun Sharma,Male,33,D005,Marketing Executive,MBA,Mumbai,Maharashtra,2019-01-09,7,31-40
EMP01958,Arjun Nair,Male,30,D005,Marketing Executive,B.Tech,Hyderabad,Telangana,2019-07-06,7,21-30
EMP01959,Ananya Reddy,Male,34,D006,Supervisor,B.Tech,Hyderabad,Telangana,2022-01-09,4,31-40
EMP01960,Daniel Das,Male,51,D004,Sales Executive,B.Tech,Hyderabad,Telangana,2023-03-15,3,51-60
EMP01961,Nikhil Joseph,Female,30,D006,Supervisor,MCA,Mumbai,Maharashtra,2017-12-20,9,21-30
EMP01962,Vivaan Nair,Female,45,D001,HR Executive,MCA,Pune,Maharashtra,2022-07-04,4,41-50
EMP01963,Riya Nair,Male,41,D001,HR Executive,M.Sc,Bengaluru,Karnataka,2021-04-08,5,41-50
EMP01964,Priya Menon,Female,53,D004,Sales Executive,MCA,Pune,Maharashtra,2024-08-21,2,51-60
EMP01965,Varun Rao,Female,27,D002,Financial Analyst,B.Sc,Chennai,Tamil Nadu,2019-02-14,7,21-30
EMP01966,Varun Bose,Female,35,D005,Marketing Executive,B.Sc,Pune,Maharashtra,2023-07-06,3,31-40
EMP01967,Rahul Iyer,Female,23,D004,Sales Manager,B.Tech,Bengaluru,Karnataka,2023-04-23,3,21-30
EMP01968,Ananya Sharma,Male,24,D003,Data Analyst,M.Sc,Hyderabad,Telangana,2024-09-14,2,21-30
EMP01969,Sanjay Mohan,Female,26,D001,Recruiter,B.Tech,Kochi,Kerala,2019-02-20,7,21-30
EMP01970,Riya Rao,Male,22,D001,HR Executive,B.Tech,Mumbai,Maharashtra,2019-03-28,7,21-30
EMP01971,Meera Mohan,Female,35,D001,Recruiter,MCA,Coimbatore,Tamil Nadu,2017-09-07,9,31-40
EMP01972,Rahul Nair,Male,46,D001,HR Executive,B.Sc,Hyderabad,Telangana,2020-08-17,6,41-50
EMP01973,Priya Kumar,Male,23,D005,Marketing Executive,B.Sc,Chennai,Tamil Nadu,2017-01-10,9,21-30
EMP01974,Aditya Gupta,Male,40,D003,SQL Developer,B.Sc,Pune,Maharashtra,2021-01-21,5,31-40
EMP01975,Daniel Iyer,Female,39,D001,HR Executive,MCA,Pune,Maharashtra,2019-03-14,7,31-40
EMP01976,Priya Singh,Female,50,D001,HR Executive,MCA,Hyderabad,Telangana,2017-02-17,9,41-50
EMP01977,Vivaan Sharma,Female,38,D001,Recruiter,MCA,Bengaluru,Karnataka,2024-10-24,2,31-40
EMP01978,Karthik Sharma,Male,46,D004,Sales Executive,B.Sc,Mumbai,Maharashtra,2019-11-11,7,41-50
EMP01979,Keerthi Rao,Female,54,D006,Operations Executive,MBA,Chennai,Tamil Nadu,2022-06-20,4,51-60
EMP01980,Harini Singh,Female,54,D004,Sales Manager,B.Tech,Pune,Maharashtra,2019-01-16,7,51-60
EMP01981,Diya Singh,Male,52,D003,Data Analyst,B.Tech,Pune,Maharashtra,2018-10-16,8,51-60
EMP01982,Nikhil Menon,Male,42,D005,SEO Specialist,M.Sc,Bengaluru,Karnataka,2024-08-24,2,41-50
EMP01983,Aarav Verma,Male,49,D005,Marketing Executive,MBA,Mumbai,Maharashtra,2022-05-20,4,41-50
EMP01984,Aarav Iyer,Male,33,D003,SQL Developer,M.Sc,Coimbatore,Tamil Nadu,2024-03-28,2,31-40
EMP01985,Vignesh Joseph,Female,50,D004,Sales Executive,B.Sc,Hyderabad,Telangana,2019-04-26,7,41-50
EMP01986,Harini Iyer,Male,41,D002,Accountant,B.Tech,Mumbai,Maharashtra,2022-05-31,4,41-50
EMP01987,Ananya Patel,Male,43,D003,Software Engineer,B.Sc,Hyderabad,Telangana,2021-03-25,5,41-50
EMP01988,Riya Menon,Female,57,D004,Sales Manager,B.Tech,Mumbai,Maharashtra,2022-11-06,4,51-60
EMP01989,Keerthi Menon,Female,36,D003,Data Analyst,MBA,Mumbai,Maharashtra,2017-12-25,9,31-40
EMP01990,Diya Das,Male,52,D001,Recruiter,M.Sc,Mumbai,Maharashtra,2018-01-09,8,51-60
EMP01991,Arjun Das,Male,55,D003,Software Engineer,B.Sc,Kochi,Kerala,2024-12-17,2,51-60
EMP01992,Varun Mohan,Female,56,D002,Accountant,B.Sc,Bengaluru,Karnataka,2020-01-12,6,51-60
EMP01993,Priya Patel,Female,32,D002,Financial Analyst,M.Sc,Bengaluru,Karnataka,2022-11-09,4,31-40
EMP01994,Priya Mohan,Female,29,D006,Operations Executive,B.Sc,Coimbatore,Tamil Nadu,2020-06-23,6,21-30
EMP01995,Sanjay Patel,Female,45,D001,HR Executive,B.Tech,Chennai,Tamil Nadu,2018-11-13,8,41-50
EMP01996,Nikhil Bose,Female,22,D006,Operations Executive,B.Sc,Kochi,Kerala,2020-11-24,6,21-30
EMP01997,Diya Mohan,Female,33,D002,Financial Analyst,MBA,Mumbai,Maharashtra,2022-10-03,4,31-40
EMP01998,Meera Reddy,Female,25,D001,HR Executive,M.Sc,Mumbai,Maharashtra,2024-08-20,2,21-30
EMP01999,Ananya Joseph,Female,48,D002,Financial Analyst,MCA,Kochi,Kerala,2018-10-04,8,41-50
EMP02000,Sneha Mohan,Female,52,D004,Sales Manager,M.Sc,Kochi,Kerala,2024-10-01,2,51-60
